time,mag,mag_err
2457455.8460017,14.077197312597072,0.010841495005041167
2457457.7844952,14.154799476475608,0.01336936371068017
2457458.8630957,14.125160739150292,0.01203685214260877
2457465.7997751,14.081334825366492,0.011545616410076124
2457469.7447475,14.081845155726278,0.01737386201129223
2457479.9188429,14.002509763119429,0.014984260982237579
2457484.8867011,14.078894333682683,0.011320667209962325
2457523.6212216,13.832049557769032,0.010050056329878834
2457545.7276258,13.955371878378521,0.010441239143571437
2457546.7339166,14.018161528488422,0.008749693075569397
2457547.7418128,14.060774952960838,0.009505935498514622
2457567.7777935,14.156146781425022,0.014322679429586475
2457568.7699627,14.180130782104992,0.013942689572124233
2457569.6711585,14.328118982106457,0.020974507809413068
2457575.6845651,14.088817922946557,0.009996705634009048
2457591.7132993,14.220756792067535,0.03289339401843658
2457593.7178912,13.960135163983836,0.02499459900685447
2457595.7184516,14.158032718882108,0.023801354497809867
2457597.6238897,13.928536971239808,0.011781474798461688
2457598.6125582,13.923048855383534,0.0178455411745706
2457600.5610625,13.822931553434113,0.010148206653174051
2457603.6182531,13.790326687088882,0.010867664313103341
2457605.6191378,13.751581208504465,0.011119449072003448
2457606.5669951,13.823403449004239,0.010074488319182416
2457608.6500133,13.84264554581562,0.00961005090264277
2457616.5828703,13.8397924849532,0.01599265834356144
2457619.6161323,13.735724975131172,0.016651264875096716
2457621.6206935,13.891523430395658,0.014666703527245506
2457622.6443683,13.794027205398201,0.013487640932350073
2457623.6440076,13.799895478551178,0.015882725538887567
2457624.6401117,13.821549718196923,0.01086255377421367
2457625.6300674,13.911457997082184,0.009867245143539094
2457626.6263698,13.816932492849826,0.011018181456420174
2457630.567101,14.047315390536095,0.010659030828233738
2457635.5641385,13.927860817890467,0.00953477428227026
2457643.5829482,14.113653532219303,0.01684738710756902
2457648.5535439,14.12681334020991,0.020980871076463382
2457651.5583262,14.230166614002535,0.01652609870069533
2457654.5409087,14.364184400236624,0.020742719872289428
2457656.509974,14.07145370210838,0.011438159855152752
2457657.5226915,14.130765034431949,0.013477719385638395
2457658.5153178,14.247793594248675,0.016242937743066167
2457661.5243953,14.065862747074975,0.010850651680650957
2457663.5014707,14.143320700832536,0.015542821183972013
2457670.4932121,14.120137348471616,0.016152668581530125
2457779.8802076,13.961768054551465,0.025844767441335775
2457780.8760155,13.9342237095903,0.018956091851535756
2457781.8830198,13.965922295967497,0.03038586109508507
2457782.8711177,13.987393917475796,0.014645623300816571
2457783.8667366,13.956585078869798,0.012553419344400478
2457784.8622425,14.043766346867399,0.011638205566006421
2457785.8617236,14.068727375668924,0.012615191574008727
2457788.8762302,14.046826251306594,0.013792830672737963
2457789.8556289,14.092058232864526,0.013173299221986007
2457794.8527675,14.142467604858034,0.026219398605360773
2457796.8850332,14.244184152050813,0.023782501892060316
2457799.8413005,14.372013455057237,0.02722489905030318
2457801.8435676,14.302899887838489,0.02053628885060741
2457807.8152545,14.308633431944557,0.018302067377742155
2457808.8304379,14.275953339260948,0.017650186903295725
2457816.8654937,14.28427813802595,0.01794247188473963
2457821.8238159,14.142747204187406,0.012610745461934782
2457823.7797578,14.025580570060436,0.018053639125862407
2457825.8580996,13.952987306875691,0.019440582431532745
2457827.7608997,13.894459021762078,0.017876098313261337
2457829.8047703,13.844532961896025,0.01631549583193865
2457835.9147067,13.790391065998122,0.016851109705876034
2457838.7377309,13.772348314736405,0.011115712877522202
2457839.7311586,13.782887508466949,0.010867275539264845
2457843.7333331,13.79537528550462,0.01061309181484992
2457845.8232915,13.799854128508516,0.016487272257026456
2457846.8640411,13.837522910955993,0.017735512443006442
2457847.8312472,13.820034582240064,0.011570956790611424
2457850.6960157,13.789514460324092,0.0130825695171979
2457851.869413,13.804152222186703,0.010409852004654243
2457852.694399,13.820777789695152,0.014712681141999253
2457855.6853852,13.922456684556268,0.021715600965766534
2457862.8427167,14.13056538261098,0.023372431584717183
2457864.9288513,14.078998626587317,0.028441974353078093
2457865.929236,14.269822165502289,0.03369312273650455
2457866.9309522,14.113743945415326,0.030703111806741255
2457867.9300142,14.15661889843468,0.031481826166681694
2457868.8797581,14.085093058407702,0.01124823562149074
2457869.8985788,14.166223034989617,0.013996910353738236
2457870.7426373,14.269641676248837,0.019407517839735763
2457872.6805707,14.284927690588828,0.0182901994174351
2457874.7250261,14.396949646061632,0.020977760952811383
2457877.727308,14.362116819538834,0.021525129898641988
2457880.6331899,14.373603405168021,0.04295704287814721
2457883.7442364,14.358347076155217,0.03028454516376289
2457888.8342636,14.484126681906462,0.03313380615797387
2457890.6722931,14.462077318949213,0.025044952885644612
2457893.6867096,14.374606487928938,0.02113432291999374
2457901.7227286,14.054281100255084,0.01047702091191486
2457904.7637569,13.99328508114409,0.007099659487609199
2457908.585259,13.895846663183164,0.017571250720626347
2457916.6838296,13.745353314213018,0.016217905863385066
2457917.687802,13.740999786112415,0.013751640004041655
2457923.5083761,13.769541519357265,0.01067451248427279
2457927.7661627,13.80619159957747,0.013237096020075565
2457933.5623895,13.843475060543469,0.011047571730429983
2457936.5524025,13.871862342010035,0.013003075582120209
2457938.4639685,14.17787388844587,0.07488993161646428
2457943.6426744,13.993668799056465,0.01955899046810786
2457945.6088961,14.114033609140456,0.02041234568551916
2457948.6788888,14.047269177260702,0.02537388778363405
2457949.7439441,14.137094295543449,0.02597552459950765
2457951.7371616,14.185031241331803,0.014652458495254947
2457952.5883422,14.206542713194548,0.013566129263995265
2457954.5934008,14.295421756503472,0.022664987385377495
2457957.6748076,14.311773080418135,0.017203563708329997
2457959.6223743,14.407241071898207,0.02050667928043186
2457961.5421358,14.448552296233654,0.03405044789017876
2457964.5547837,14.409965219357193,0.029887388168999995
2457970.6718044,14.257172876596378,0.02606272856371418
2457972.5035508,14.279129731178537,0.02893974488534285
2457975.6657782,14.25652292792627,0.031443986446021734
2457979.6595746,14.284098425782972,0.019597617618040748
2457981.6601665,14.047405170108755,0.016012553147941182
2457982.5846531,14.009972722141711,0.009255047937632191
2458000.6008464,13.871015900354537,0.015762812215364862
2458001.5727903,13.855906034232435,0.01584981643077187
2458002.563441,13.806279100879513,0.020101082526253405
2458003.5973534,13.885638024266179,0.019433084754482167
2458005.549187,13.81893142089863,0.012653721999987665
2458010.5796388,13.81925512942374,0.011364465856881374
2458012.5241676,13.96959353962881,0.011489731396457337
2458014.5596148,13.88240226014979,0.01133010939688689
2458016.5600829,13.931917807539158,0.010708909701173995
2458019.5458536,13.962284089158572,0.013157898147384479
2458025.5308372,14.10568907095296,0.021821485598417668
2458026.5283208,14.13196066997575,0.048336448966244124
2458028.5101504,14.075857423566376,0.020298821962263423
2458034.4845585,14.165193001582557,0.02152285512700204
2458035.4966486,14.173492185166403,0.01642838854097908
2458149.8739689,13.811796639253016,0.02050518896203352
2458150.8617142,13.774286702632438,0.024208486539462747
2458153.8561986,13.652222190846302,0.015735741736242932
2458162.8420197,13.573015118197407,0.012253129414899273
2458165.8362194,13.552349627784942,0.012022312180906228
2458166.8329758,13.57412644556926,0.016501316208380048
2458171.8162896,13.665550908963668,0.013669716198659717
2458173.8757722,13.694863986620764,0.012039474677952942
2458174.8177354,13.686840016866316,0.011556357054844235
2458175.844204,13.737169821291957,0.01214523860308852
2458179.7991052,13.779799645958041,0.02434102998450552
2458180.8900333,13.835715061387926,0.020256181408503857
2458182.7887974,13.865282977949855,0.015177232250249553
2458183.8258684,13.876460528821202,0.020135343140151026
2458189.901661,14.081841604401315,0.015436443255362831
2458190.8907686,14.10863793874932,0.01235854712359735
2458191.8597555,14.116623522296763,0.013825858618139366
2458192.874466,14.117441201792191,0.012651881651543058
2458193.8436977,14.132465239937058,0.0165492148339303
2458194.8649902,14.112635757757563,0.014576184639484397
2458195.8486408,14.179661254561696,0.014896775564215271
2458196.8748099,14.24166364196735,0.018717138857088506
2458197.8469324,14.225378010662581,0.014939591954307146
2458198.8654632,14.263404372677183,0.020983329584957904
2458199.8150488,14.24328418456839,0.01664993694544959
2458200.8713394,14.247570225363507,0.017646441784896424
2458201.8812753,14.301957216684203,0.020804225863382056
2458202.8804208,14.293129565604225,0.01977743760722068
2458203.8612259,14.273462767462615,0.019107992018152522
2458205.750213,14.291893432449667,0.03293146333675023
2458209.7233733,14.227698219183782,0.025400855710446174
2458210.7187061,14.13808277066375,0.028371477343206244
2458211.7479347,14.056817593121906,0.023988715240876788
2458216.8503141,14.076256930807967,0.015467684338144109
2458217.8303019,14.0080902734747,0.010701901528742177
2458219.8429681,13.952297164050014,0.013997606813492212
2458220.890549,13.927261824139674,0.01044716841656051
2458222.8573403,13.902034990672544,0.01313430506131126
2458223.8752517,13.94402506637899,0.012834528169171107
2458224.8901421,13.941529928314612,0.010287825479940059
2458225.8590423,13.947124068385595,0.015623308678378004
2458226.8704171,13.8550251670157,0.02236830138365178
2458227.8842389,13.83609506103722,0.011505964994125975
2458228.8949514,13.821484407619328,0.011583002848467906
2458229.8904566,13.845157015735767,0.012657728451575558
2458230.8857951,13.835856108668471,0.010350270041002575
2458233.7173726,13.801024847682193,0.012049024984562685
2458236.7833036,13.839596292122692,0.023528824504771534
2458245.8276343,13.870820924205363,0.01361687835277654
2458252.8161551,14.732895632526377,0.018518220817333446
2458262.7960863,14.874184946641185,0.030324280121112338
2458263.7747711,14.891765979675737,0.026018791371566572
2458264.7640022,14.8203095841879,0.04354443706208338
2458282.7279588,15.00988797196053,0.012788681664060393
2458282.8194354,14.848793440785622,0.012740371445138177
2458283.6685847,14.963157717583844,0.009428645671473815
2458283.8347463,14.810318967505637,0.013795736322055623
2458284.8273936,14.853067407749679,0.018940106072281745
2458286.6550938,15.045200670893916,0.014825131753191141
2458287.6442248,14.878020865205471,0.010279934873712166
2458287.8248577,14.862881037204968,0.014113008814500937
2458288.6972036,14.979675767684759,0.011254542079719043
2458289.7130419,14.874566929593094,0.007975068253484659
2458291.7924973,14.634140436007922,0.020014647271265427
2458292.5741248,14.804430382743588,0.02815901655701922
2458298.5865943,14.721196263725309,0.023127065277519048
2458300.5673172,14.764782341605978,0.01823493077945444
2458301.6247672,14.659961999787143,0.01242417591214758
2458304.773563,14.6949340134539,0.013967257891902365
2458305.5692908,14.714328102173063,0.011551379844172302
2458306.5994985,14.68940310478719,0.010921470515578667
2458308.6049596,13.774489268533198,0.012600334152468133
2458309.766282,14.779478305653983,0.010427118360254633
2458310.5875972,13.856248918113437,0.009543822212800975
2458311.7535949,14.758531883470777,0.011370447986120845
2458312.5874121,13.697644310155159,0.009698141802883618
2458313.7050259,13.78293601491589,0.009366326577833163
2458314.7276718,13.716415274225612,0.010891740193706005
2458316.7371716,14.695307665070938,0.012953604035336254
2458319.725102,14.717738785397804,0.019342574641637137
2458320.7376479,13.958617845811212,0.008836631519044225
2458325.5492684,13.86298423969739,0.01879519290700856
2458328.532112,14.946711658879808,0.019650548362940088
2458328.7054922,14.727482246008929,0.04660370228618326
2458329.5253482,14.967909914636639,0.029537511243515394
2458329.6939934,14.865896000400294,0.03078515095935621
2458335.5085974,15.163183606742649,0.017686822950844682
2458335.6751413,15.02963991752324,0.020411541970335328
2458336.6936525,14.091499694533036,0.013284139610052682
2458337.6776578,15.088744619648732,0.025013191643639375
2458338.6813889,14.96116208505127,0.011128649375138387
2458339.4876683,15.099095675095143,0.01490380895921752
2458339.6794188,14.979540307212119,0.016589021546382487
2458340.68389,14.14699297263114,0.016761494254596387
2458341.673896,14.119455651973347,0.011575369224117235
2458342.6773606,14.025282397765244,0.01020770148322207
2458344.6609094,14.067388139076405,0.01148745313457357
2458345.4860763,15.035141071282547,0.014682284168975296
2458345.6566693,14.953306131672068,0.020899859911165608
2458346.6716828,15.015839309042608,0.0320799993853875
2458358.6267299,13.93585572509406,0.013807007050000427
2458359.5657698,13.98715111573608,0.011108724415056698
2458360.5024917,15.041143586118741,0.014923436153172567
2458363.6039552,14.946299724364406,0.011566979131582864
2458365.6056499,13.869630300337226,0.010656739386161053
2458366.6026884,14.155371547155504,0.012954825565076697
2458367.5953076,13.91678815870703,0.008511490860992874
2458368.5955295,14.039445940996826,0.010213221762412447
2458369.591996,13.880756611115576,0.010587638807231679
2458370.5882873,13.847216118799695,0.010357992703402444
2458371.5852613,14.143687437528198,0.015263411990007353
2458372.5855746,13.845107093364724,0.00968322697205494
2458373.5780165,13.854887856416664,0.012404616246007846
2458375.4899319,13.86256003016478,0.011558494263827967
2458382.5543705,14.033362729886594,0.018799092250196308
2458383.5432667,14.027922608087135,0.01567775350023824
2458385.5440489,13.93944825032467,0.013254446367925991
2458390.5190965,14.862226230067392,0.014934658347346044
2458393.508744,14.779083908807198,0.009743368928349578
2458394.5053988,14.729312417883968,0.01023769532358666
2458396.5037767,14.744742990028232,0.021073602975360695
2458397.4991464,14.716629458588443,0.007841542320177327
2458398.4995205,14.816256716604606,0.010905619530750215
2458508.8798626,15.001404983704669,0.061240422382499854
2458509.8802071,14.74011073675662,0.04082127651900587
2458511.8783212,14.98527785642774,0.03198590263085848
2458516.8730752,14.84337536148101,0.01601344993498151
2458517.8608124,14.85174807747649,0.014945554149566944
2458527.8495124,14.730529738496926,0.019002595851327762
2458528.8488215,14.776995141832181,0.024467089125468917
2458529.8865143,15.01223228806613,0.02475847052096125
2458530.8589894,14.810384070043296,0.013615554061760324
2458532.8408921,15.089849782303018,0.03103173700044608
2458533.8373223,14.818915277083008,0.022803467308839153
2458534.8317477,14.985241322836803,0.02853623767898772
2458544.0103932,15.011001363382553,0.02306155333650641
2458547.884424,15.133763169697247,0.016057848465645355
2458549.7920527,15.025057078654733,0.016121006972614486
2458550.8050431,15.004214783078133,0.018388562439289005
2458552.7983491,15.16953070451084,0.017913359582843947
2458553.7986439,14.975324716091063,0.016763628806573585
2458554.7785219,14.971695999422609,0.01702394593976639
2458555.7733584,15.059758851541647,0.015819600865948778
2458556.7838299,15.127997094551214,0.0171350849736619
2458557.7717103,15.261286577524533,0.02298612453203313
2458558.8013312,15.1545345874405,0.017315075768326974
2458561.8210539,15.300063300595625,0.031800679883930656
2458562.7572819,15.11960585816155,0.022328506697593602
2458563.8230119,15.094736636858837,0.029943525560642927
2458564.7516737,15.054674201912526,0.034579775486001246
2458565.7989853,15.078671153713866,0.030625007154409044
2458566.7931579,15.034363592032307,0.02671297640524337
2458571.4756482,15.031804317435384,0.0224350363174319
2458571.7262964,15.057400149475324,0.02202942605114124
2458571.9420317,15.136484677218986,0.027992020165029694
2458572.5543174,15.120220226211515,0.020325205766104287
2458573.8153864,15.061422423372457,0.014206935164130232
2458574.8263232,14.953602412063962,0.01502128916352991
2458575.7280068,15.175178139559174,0.01832301759543744
2458576.7103949,14.985582622837665,0.01719208204318306
2458577.7174863,14.963966324103291,0.015000363248380206
2458579.6994024,14.880245359742892,0.015790095184905133
2458580.6966782,14.83151681339892,0.01214996711760899
2458581.7226407,15.033590881051737,0.015028842049450791
2458582.8948522,14.824706714213036,0.009754149601377042
2458583.8439857,15.035670920075168,0.015348944108020533
2458585.4938321,15.1182048815067,0.020606364194957528
2458586.8861052,14.778838639063697,0.01021491230616473
2458588.6788216,14.731528646365897,0.015027905488917363
2458589.6758045,14.821231766309849,0.021793417495494165
2458590.8063451,14.84893017436657,0.012682027762751442
2458594.6535976,14.694420393007452,0.024770367847226242
2458599.4212711,14.503667156718695,0.014859336277608038
2458599.6690046,14.57063516009741,0.011088970285917672
2458599.8146088,14.629015505857838,0.01308377582136592
2458600.7892019,14.634099813794384,0.013053519251891228
2458601.7742057,14.66163578546885,0.01268027353244896
2458602.6940601,14.637390640982538,0.013919504306714446
2458604.3692305,14.525796715978066,0.013604882284890795
2458604.9571033,14.565574553375697,0.016318738440474646
2458606.3809069,14.639979292922812,0.012899600967812891
2458607.6928962,14.503467928854066,0.011443666126698967
2458608.7053316,14.633944484585356,0.011785855561851157
2458609.7121609,14.71420395959674,0.013638794889171505
2458610.8862958,14.545020910692125,0.019718492295326497
2458611.9006323,14.62536167711129,0.013738364953688943
2458612.8596791,14.742661383531221,0.017618238428500597
2458615.3369119,14.657955190630478,0.015888144316194768
2458616.3747682,14.607643832701903,0.016445860224643845
2458617.6072836,14.640108897747105,0.017030220437195386
2458618.6218415,14.669134447339935,0.01526774507284184
2458619.6356827,14.591584489170778,0.012871968247856734
2458620.7669353,14.772395231440454,0.027260600828512647
2458625.8483716,14.632014546256924,0.018190020961344373
2458626.3668497,14.749345354131478,0.014316931741824968
2458626.7321013,14.800314430383201,0.01368175414757604
2458627.3104636,14.644839225793236,0.013918619300437892
2458627.5795284,14.694071416238877,0.009222379698455048
2458628.2991007,14.748452619827363,0.01417994726687949
2458629.4401445,14.69070886467735,0.014139545915733551
2458630.8691591,14.805887875379728,0.01602946577695866
2458631.5592309,14.912680175704448,0.008137135095865953
2458633.3500082,14.90745465220331,0.011345626310583879
2458633.8094713,14.85360823591678,0.011369314983936684
2458635.5809396,14.904890845923017,0.009862311872880657
2458635.8755024,14.899561638624641,0.010244089628867867
2458636.3630898,14.741460461118479,0.010885618832004222
2458637.2711732,14.873418882184641,0.011037396587536006
2458638.4414369,15.034222135685829,0.01922775180939645
2458638.8633655,15.173787182001295,0.021648091805087744
2458639.6281178,15.12184188325495,0.02629246784963728
2458640.5900095,14.818013346186039,0.0180639754352908
2458641.4012977,15.10110348758502,0.017123821167569976
2458641.8595822,14.848353418697506,0.013641398145467679
2458642.3574836,14.913220501557674,0.00965815790555601
2458642.756136,14.920438476282218,0.012664228788730676
2458643.2824223,15.0376915403072,0.016166495496765715
2458643.5632289,14.961566819732868,0.014799117636569907
2458644.5029861,15.013979214587502,0.016037854513484096
2458645.3599218,14.982840206793359,0.0173960486172587
2458648.2449027,15.087953794462116,0.03278167055094695
2458648.535399,15.050109319146143,0.022791832278298247
2458648.7705665,15.085874737750613,0.026162789689182245
2458653.7292076,15.091530450548307,0.031090143271146432
2458654.6838229,15.160495217600552,0.03501346506436425
2458655.2603542,15.103963044506582,0.02519545397244159
2458657.5068112,15.189344974538926,0.0183678388679939
2458658.8156159,15.08720361911907,0.02774795432107861
2458660.8059135,15.226621784377452,0.0219304453756143
2458662.7821441,15.118554980469765,0.022541107007530575
2458667.2234778,15.226454094230162,0.023653585630008384
2458668.5782003,15.327878977402541,0.025519085615038614
2458669.752384,15.149905874083835,0.017407806125379302
2458670.4118286,15.149855321309465,0.01883782785775824
2458670.710969,15.23909246799328,0.020412240583804427
2458672.7567877,15.114489335723873,0.023290648586722668
2458673.2126878,15.168094766467854,0.021133654897125598
2458674.2672441,15.355763385602865,0.04179737476452013
2458676.4520354,15.19081734449336,0.03853078465623715
2458682.5800171,15.109935089975494,0.033210816183016405
2458683.5661421,15.063359508906712,0.025553280667323604
2458683.7477869,14.958836679069554,0.05343733561782387
2458684.5970077,15.089369549532869,0.021773287074648793
2458685.2921102,14.965080668401336,0.013483682321839517
2458685.7222064,14.949064792246498,0.026812249034992044
2458686.7269369,14.940203920527841,0.022447794465161593
2458689.7285967,15.115427526718928,0.022207188145946483
2458690.6294119,15.076008888527797,0.015565404566991977
2458691.7131635,14.996824789323611,0.010389732975674387
2458692.5420799,14.889508907352127,0.01234593890608379
2458692.7210305,14.844473773461866,0.014520606758675883
2458694.5311514,14.98547857649043,0.011355068466702263
2458695.5384875,14.858445190730482,0.011849737978743693
2458695.6990309,14.930307837442678,0.021804791748737985
2458697.6936745,14.822625485630015,0.013959741896124462
2458698.4446531,14.773681779091923,0.012203391937648342
2458698.5194148,14.712949660207693,0.010045931726613442
2458698.6863563,14.857067635711667,0.014353185307314028
2458699.2442946,14.96553199902862,0.012630019520473738
2458699.5207636,15.032111121507514,0.016425197725125774
2458700.2446841,15.069190358432174,0.017177393506878042
2458700.4901058,14.941982434846697,0.012087831830751725
2458700.6848869,14.890971870061318,0.023047339691431974
2458701.6807573,14.81358382010531,0.01650826193770277
2458702.3097666,14.676034709490287,0.011819841774651613
2458702.661405,14.759070387220682,0.027376309829982945
2458703.5296455,14.73923208322374,0.017230431791047267
2458703.6789287,15.136227707176086,0.09200248948421366
2458708.4363746,14.74466686192911,0.046104822637636954
2458708.4890382,14.83861847858144,0.0216046450137913
2458709.283256,14.7510234187812,0.019776731267752676
2458710.3473213,14.768179863980041,0.025413949578139496
2458710.4860115,14.916807987033877,0.026254315349493018
2458710.6568361,14.683300348678749,0.043449793851962216
2458713.6557558,14.834045983016201,0.03034527231100029
2458715.3940261,14.859878811641451,0.02274637786335964
2458716.3890505,14.946999409599044,0.01850631338588488
2458716.6224727,14.882616349245534,0.01769287953458001
2458717.614258,14.813882083156546,0.013615016923958834
2458718.3795751,14.687086915199629,0.012410770712592225
2458719.3918408,14.842182150931789,0.012149062446117239
2458721.6350016,14.896658339852635,0.010719729750570464
2458722.2818366,14.97982135258804,0.015532604951577735
2458722.6209951,14.895157418363974,0.01481752518121753
2458723.3787247,14.87755998618825,0.012104298621456072
2458723.6336725,14.878091957377391,0.014085653382750916
2458724.3788752,14.793358905686645,0.011056397301540457
2458724.634255,14.835475306206378,0.011523440714342833
2458727.3610385,14.849651941124202,0.00949255579047824
2458728.3571238,14.958556434145457,0.012506780531931102
2458729.3511508,14.825406662788382,0.010817242606493783
2458736.2183331,14.994223843291625,0.0539309372712002
2458737.2483453,15.122642593845601,0.08521039624997205
2458738.575271,15.064509238580435,0.03356628129235106
2458741.329292,14.829091034538102,0.028708286604490953
2458742.2320496,14.69467066493577,0.012974443432641843
2458742.584015,14.843594008541706,0.024512823453109383
2458743.2250594,15.023466665998953,0.0247935085084934
2458743.5808989,14.849387552712036,0.02176170068771877
2458744.2328284,14.892360820987559,0.011358785797495042
2458744.5735464,14.788785361648145,0.011217368765266763
2458745.574676,14.807063311077206,0.012267697971550534
2458746.5695592,14.911920366382423,0.009614793748081598
2458747.5710677,14.699476294732799,0.009817431353922552
2458748.5632196,14.727211326218006,0.008709380372267123
2458750.5559991,14.796178476695907,0.01081415517850738
2458751.5565112,14.759681367290789,0.011696837372050201
2458752.5565138,14.73045169993706,0.01124934664906437
2458753.5343867,14.621952496459617,0.012195189886247692
2458753.5506278,14.752934416998801,0.013258454112831004
2458754.2931114,14.681069007803769,0.014708065472961189
2458754.5514104,14.624335571535688,0.010564899057020263
2458755.4918793,14.627774822091109,0.009854295043761466
2458756.5231669,14.626266281365119,0.008881591621653391
2458757.2498456,14.725658893030815,0.014823602715785323
2458757.5239511,14.587494846989301,0.011156258812503095
2458758.2651822,14.586776565359257,0.013518765843292611
2458762.2868414,14.538075684302553,0.022021828727043332
2458762.5067158,14.439332332432748,0.012827812998196419
2458763.5031826,14.553282649939192,0.015109000895825932
2458764.5452684,14.671865267002289,0.027374116501106875
2458766.2822959,14.563260934935345,0.026409643327926866
2458766.4968825,14.558761639548635,0.015868378932363824
2458768.2895479,14.504727490417071,0.03319352057854911
2458880.8828781,14.791401886127831,0.023222686961970194
2458882.6037149,14.773492416508564,0.013133079766792448
2458882.8891161,14.892994955322775,0.05347683395932818
2458883.6193067,15.045935069595513,0.025885672375533623
2458884.6159382,14.956959646364623,0.015646054606442684
2458884.8883646,14.902339859887686,0.04303649227248311
2458885.8684851,14.935053582301904,0.015131874636124192
2458886.875671,15.012977374059563,0.014736440610548405
2458889.8789758,14.759796942485895,0.026445506316901905
2458890.8628958,14.712446828560072,0.017605223855662825
2458891.5790858,14.774426631882013,0.030628832043939277
2458893.6034889,14.642584549481054,0.021515883551860716
2458894.6242241,14.778369326920336,0.023315294264315525
2458894.8496083,14.745053938294813,0.017269418943122644
2458898.8299455,14.690081547932401,0.009616313068067728
2458901.5675,14.679049622673798,0.012512688804030413
2458903.5620573,14.738254292960473,0.013898861585208052
2458904.8144488,14.610070446209102,0.010275182089895998
2458905.8084213,14.700352539603987,0.01182393184422065
2458906.8389288,14.587050847603358,0.011941033399183287
2458907.8539395,14.613893859481447,0.011286537229646326
2458908.7848032,14.569004005053142,0.010841772313355003
2458909.7972056,14.679753636729743,0.015454643474205665
2458910.7982347,14.575393719317262,0.012796617961875303
2458911.7960891,14.723328527682831,0.012739672562812854
2458912.5352746,14.613852193875944,0.014428257111505664
2458913.7875328,14.607456659278853,0.009456270411405515
2458914.8989309,14.561828217219997,0.010804930806644738
2458915.83969,14.710857795093581,0.01346996586625975
2458916.8308986,14.594571312713319,0.01617918259501066
2458919.7750074,14.645041325198092,0.023854218473102675
2458921.810024,14.82714578093798,0.023619005666592845
2458926.6341023,14.902047666700621,0.014979759079205087
2458928.4889621,14.760295935549713,0.012242277509895934
2458930.4825148,14.847129878995437,0.009666662119386403
2458955.8973509,15.310679436330334,0.03522943828346036
2458957.8799543,15.141917414598785,0.024389569650446277
2458959.8634499,15.3505983109767,0.03356120104068079
2458962.8596241,15.053347931995546,0.018866392385424917
2458964.867129,15.189832704566864,0.025505805229300408
2458967.8424218,15.22008829667239,0.026259420584370995
2458981.3410239,14.762610815952,0.022557061745332542
2458982.9020338,14.702019999126563,0.029403183792121992
2458983.8722277,14.737220973696846,0.015790122478623374
2458984.8806477,14.772990713814515,0.05129480984804515
2458985.8824902,14.80003363179387,0.013394395909126274
2458986.9157745,14.691743509526678,0.014636179528849456
2458991.4544878,14.631458132705912,0.012164560666458497
2458992.838308,14.66828254691694,0.014023992990510138
2458993.7816671,14.590996238632027,0.013160474259778242
2458994.8658407,14.688848354663564,0.01385480221887826
2458996.8324319,14.649866927510613,0.013672703249931457
2459000.7466131,14.655507218059649,0.017976092957943893
2459002.7412431,14.713470588076458,0.03787489751303545
2459003.852292,14.744562019381613,0.06154990654680454
2459009.5092746,14.92091333764655,0.031175379577304468
2459010.8304899,14.966837262516083,0.02704861544820248
2459014.8503615,14.92490656970903,0.016124418556940693
2459017.4837519,15.058056339484217,0.019803599590416623
2459019.4733658,14.895697417306756,0.010773439726889447
2459022.777499,15.06286925872734,0.01986870190240172
2459027.6876582,15.202940921354744,0.03598595281989331
2459031.2256884,15.085501471529604,0.03474113097584004
2459036.3679305,15.058662997829906,0.04386895205424967
2459037.776583,14.973499110747762,0.06345104848769421
2459050.2204055,14.821464251577133,0.010621958117330686
2459053.3818212,14.69715180060673,0.01223354914748163
2459056.4500965,14.774417361911903,0.01180988341832614
2459059.3974442,14.68117094941443,0.02085135348031983
2459065.4359499,14.720508021070094,0.042006318946919606
2459066.6938053,14.690822699676833,0.037673229474152796
2459075.6460979,14.812922940402245,0.010145979632392704
2459075.6473229,14.785674095514148,0.009965656150608964
2459080.6570105,14.900645625946202,0.016910844048501135
2459081.6414453,14.893114220275399,0.014930460856250017
2459085.3546974,14.961606840254127,0.015674962685547193
2459090.6223522,14.554555364809662,0.05294129198510737
2459095.6172759,15.293444075733603,0.0714398397858252
2459097.3592186,15.072656114929261,0.04261992496169279
2459101.3350649,15.117326589374837,0.01831248656107188
2459103.3607926,15.196680193675082,0.0257434530409684
2459110.3244672,15.36832028383217,0.03405777550052389
2459122.2739669,15.120634676272925,0.030006114376519392
2459129.2648792,15.099479329115603,0.020491445645511912
2459134.2456499,14.633835193511114,0.013647675153384886
2459234.8747213,14.9089120424224,0.04935327900275661
2459235.8742814,14.95442346049239,0.04792903161940361
2459237.8769995,14.94124488618395,0.039511216826709696
2459240.6178846,15.200772649323827,0.05007055230712397
2459241.8602277,14.9548507576888,0.021686868752632878
2459245.8619871,15.28590136228981,0.05073303379335608
2459248.6291824,15.255888736125405,0.09987098221253257
2459248.8605981,14.92366610559536,0.02450910251162966
2459255.8395623,14.971469369567547,0.017909104657307846
2459257.8353193,15.11241843817295,0.015917142675777842
2459259.8183123,14.934052712385643,0.01658074901872039
2459261.8164419,15.01077019354873,0.01993522474236015
2459261.8568507,15.11735942883412,0.01924374680044336
2459263.8123764,14.862608482569826,0.014751810466693905
2459264.8080389,15.027508655724866,0.014923618797112367
2459265.8480591,15.10808363853118,0.018191464277052503
2459266.5866183,15.12517682755967,0.02276535348637661
2459268.8004356,14.95071551236302,0.017427210666326486
2459269.811479,14.912690855442703,0.016808624456407083
2459269.8139789,15.050132528420939,0.016639698460199227
2459272.0019467,14.717921027440825,0.05578224957499069
2459273.7885982,14.764694460587965,0.029453418652925417
2459276.7653962,14.771094562007121,0.025580380407168053
2459277.7802944,14.83622407957106,0.020029351457466336
2459281.7727781,14.76023650053479,0.013098834517407227
2459281.8205024,14.860497632530254,0.011969107596546735
2459282.754489,14.931712479833397,0.017068128849310107
2459283.7586513,14.845259337280206,0.012131430303377088
2459285.7604196,14.743886215025231,0.00955647659069417
2459287.7393882,14.717938886537292,0.008078409343612949
2459289.7377358,14.60285447020614,0.009879388341234582
2459292.9620028,14.68243391451151,0.01377480882078502
2459295.7197417,14.75332798768765,0.014555515428003622
2459296.7234055,14.66385765324505,0.01048962433293206
2459297.8058012,14.703994111431175,0.008119099719118469
2459300.7035013,14.648577681917264,0.0245659970543
2459304.4846542,14.710508401463699,0.022189918801284663
2459304.6812104,14.845390005215911,0.040757293928933784
2459308.8302324,14.944650301702216,0.03355203958030937
2459308.8718875,14.661335804820453,0.012476100841442055
2459310.9672573,14.887854088159065,0.016712941068143503
2459311.9865927,14.781083087531776,0.048137372491404956
2459312.8035715,15.008875049890207,0.013582111758357614
2459313.7380921,14.792046634437634,0.012642620634560313
2459313.7730153,15.067590611394952,0.017103191103970607
2459314.7420869,15.00888883368701,0.015753745269883313
2459314.7902627,14.838887240852646,0.013476409601202333
2459317.7207388,15.114311251761341,0.01840276963472027
2459318.8175562,15.192194883349474,0.020009381817051166
2459322.4681125,15.259299807965107,0.024618711779345007
2459325.3924738,15.227316697858988,0.033230299274564445
2459326.6958727,15.069173216386169,0.03466998283280934
2459327.6924965,15.063320578471354,0.02542675061824268
2459328.6687064,15.252942245912246,0.034223754570822
2459329.7221138,15.1169134603379,0.03265656793270611
2459332.65153,15.144538263655626,0.05373063672288388
2459336.8658211,15.36921394345068,0.03706259852037481
2459338.841978,15.053629881679282,0.022625042902055054
2459340.6317833,15.251102863087468,0.020585478923589397
2459340.7023877,15.077186357708424,0.01941435374375898
2459342.8460657,15.096007924008887,0.02715157013561386
2459345.6675438,15.047358919104017,0.01726806612234793
2459348.5723812,14.955360703464235,0.01760421526112537
2459350.7775994,15.158695600719032,0.02385320958493993
2459351.3596793,14.942427408603878,0.015599101349663797
2459352.3643757,14.937635144681781,0.015395497245569878
2459352.7751177,15.245891066552167,0.02624776199705024
2459353.8859973,15.085299883241658,0.022534301805405776
2459355.7715478,14.806844574251642,0.028793687943071657
2459357.560921,15.057894808555716,0.025724048383524982
2459363.6895327,15.035494655072306,0.03069500724828953
2459366.795105,15.038330739739024,0.021072049141729488
2459368.7703094,15.18002165580388,0.020265536521166597
2459369.7894446,15.15278893406558,0.020194296086993822
2459370.8234639,15.014025026593764,0.019877956930603898
2459371.6828053,14.864379507633155,0.013491624655935952
2459373.8655953,14.96868782181464,0.019108764231285078
2459376.3115936,15.017387523471541,0.017432028333465254
2459377.8177073,15.007854197533248,0.021763540882241073
2459378.8271823,15.146133694171038,0.02465268749858978
2459380.8263852,14.890632807206456,0.022699246407328753
2459383.5875493,15.270164054657462,0.025139242930441272
2459385.7856006,15.199046740582629,0.023828966057648615
2459393.5540443,15.186009590364192,0.019219369533143647
2459396.7170804,15.11051512035089,0.02172367444264647
2459400.5686455,15.312335061177096,0.03174237825802344
2459401.7694169,15.194141396111561,0.020678620871781843
2459402.6214955,15.248055230448339,0.018625023342840972
2459403.718496,15.141166122165998,0.025394287026310317
2459405.6635525,15.003112837989029,0.019593595540962905
2459405.679086,15.365638934007686,0.026637368039728847
2459406.7298476,15.071753824579009,0.030142836757595114
2459408.7242199,15.087691210607343,0.022458574021273495
2459408.7579998,15.036309776757737,0.019492707772616462
2459410.5217939,15.290721570217647,0.02585436687477339
2459411.7132296,15.170903888148942,0.029713528850336148
2459414.6816337,15.326965372130125,0.039005908276034666
2459418.6266175,15.438075643028878,0.06871366451887317
2459420.2437866,15.174547527785107,0.04475275782791602
2459420.524814,15.25019097862306,0.030462493604194955
2459424.7165654,15.050337025703755,0.026351917975023145
2459425.6311896,15.172072769259852,0.020205225906144094
2459426.5812762,14.961585523707974,0.015792227947395914
2459427.5796658,14.910392959361033,0.016175170601571944
2459429.6928806,14.82959228899346,0.013354121330208942
2459430.6741338,15.076433397131828,0.01822955059269813
2459431.6645756,14.753760326373161,0.012828348789218024
2459432.6189398,14.734600295633546,0.011304161518869963
2459434.5541666,14.86107658135216,0.011981117826333753
2459436.6707939,14.794351150632629,0.012878605286819219
2459437.5842702,14.7685662800105,0.013599770954548484
2459438.6581617,14.82205250471904,0.017416280073743986
2459440.5277055,14.540891100608036,0.019137595809773863
2459448.6276447,14.722898930101556,0.03290370116776011
2459452.4005425,14.693322308285392,0.032703440115064306
2459453.5593653,14.647208683296174,0.010459282529228647
2459455.5141894,14.822110815238108,0.01211237763639333
2459459.3293532,14.82454196764898,0.010784018057760752
2459460.3069974,14.878605925354018,0.012268850555081229
2459463.6071198,14.736925859651445,0.01125035328313738
2459465.5619186,14.79403912694131,0.011637185897781002
2459466.5374715,14.976093205251907,0.012491648301766842
2459467.5526396,14.97953048682616,0.011741232462352464
2459473.2477076,15.018619593667353,0.025809363624298632
2459474.5674637,14.785302172321481,0.031120289193015262
2459475.5574161,14.91039109153154,0.03111858586347219
2459476.5419833,14.835494666113414,0.019575311193500918
2459478.5574203,14.891943998311419,0.03294573147417302
2459479.557367,15.157637849389886,0.039397254418245535
2459480.4860506,15.042690457165971,0.01796714925280027
2459481.538571,14.91019336554755,0.014916395150069152
2459482.5187841,14.878751880804401,0.01192293083298094
2459483.5032674,14.885607892389272,0.01854925636609459
2459488.5092461,14.969492188484057,0.018386814755738713
2459490.5278464,15.075554325144711,0.022732493884165827
2459493.2671529,15.275451690966653,0.030106811042162458
2459494.4844336,15.180654696661085,0.03727364425084421
2459496.492622,15.182301867071693,0.03182864876090834
2459500.4955205,15.115749624716887,0.028904577770391515
2459502.4956674,15.222483093897717,0.03688506025452289
2459504.4904099,15.229717531953602,0.08672402476948161
2459600.8744687,14.710577681690875,0.04148835996292869
2459604.8689363,14.515013806599725,0.024823070248197295
2459613.870591,14.737911236578046,0.0323081307593426
2459614.8563088,14.768866762501755,0.018140038453998496
2459617.8286983,14.715643102778078,0.011719782209645263
2459619.8333956,14.84894486663645,0.013870218326262835
2459620.6130584,14.722868816848818,0.013031744451355824
2459621.8382209,14.883486451456747,0.013580576421251378
2459622.886695,14.734660924153545,0.019069081422146437
2459625.8159966,14.902515824913952,0.03568486276391587
2459626.8144356,14.787681010612573,0.027906741705216558
2459629.8126409,14.879580180397324,0.031170630735210234
2459630.8135008,15.050625516146617,0.03478406989079694
2459630.8246684,14.953684304821904,0.02929478216644819
2459632.5418674,15.100553847017364,0.03489891407101654
2459633.5893279,15.127722054948485,0.033651297748295735
2459637.5407724,15.257157673078066,0.02978694704835448
2459638.7925457,15.164768017269488,0.02136565554582899
2459640.5796699,15.462080451370966,0.03417664840002529
2459644.5125954,15.363116010763685,0.03645883775522665
2459646.7569531,15.265566282759712,0.027274449361933604
2459649.7524523,15.22897334416174,0.0274971310045976
2459652.7457995,15.143135629732786,0.031206861500559777
2459654.5101045,15.221015086566066,0.07412379383837947
2459655.4812115,15.307551058776514,0.05542579811848711
2459656.4818056,15.311048875148622,0.0870320875856626
2459656.4830458,15.15339793468322,0.07626427952726061
2459657.7406731,15.347968322554655,0.03658766075812226
2459659.7354323,15.029807570823419,0.03427909370589696
2459659.7380195,14.922136675771835,0.05196906067795638
2459660.7493435,15.203464969657503,0.026091107673015156
2459660.7505993,15.168779468721542,0.029395920865521213
2459665.7008338,15.064139209953654,0.013838041042839528
2459666.4615297,14.897128423357646,0.018312421230320914
2459667.9750188,14.96370084223523,0.05271350439337032
2459668.9673103,14.780439461103203,0.01405959674148775
2459670.840567,15.024115545870849,0.015307765705179959
2459670.9160296,14.83289267125748,0.015546755421697462
2459672.7465642,14.891317502011107,0.007549542359473646
2459673.811099,14.900201489997876,0.010052400788361466
2459674.8190721,14.82649137719335,0.008681186376604862
2459674.8573887,14.72294960648382,0.007670348051893464
2459677.6955703,14.669869957506968,0.00922568366524192
2459678.9005855,14.743340467606018,0.011702542250261485
2459681.9856358,14.589267659846612,0.04328133803890744
2459682.6538066,14.611260638246872,0.015847242533785322
2459685.6504779,14.769347095933869,0.021925443270648166
2459687.4079541,14.02269890134496,0.09114338831696275
2459692.7972472,14.756943208422651,0.01312069159283826
2459693.7532348,14.720703730599595,0.009750026471503866
2459694.8613384,14.738922637058174,0.007739409620227423
2459695.7964886,14.662107201346583,0.009304190423282295
2459697.6213766,14.748701278530302,0.009637958807604022
2459697.6642949,14.86202745285782,0.008556938401460532
2459698.8557786,14.700093054917044,0.01378631474690424
2459700.844757,14.704092285823991,0.017285813747757138
2459702.8485036,14.773944188944974,0.011996780488277906
2459703.8179334,14.749275307578875,0.008339042559090794
2459704.7916441,14.782049018609172,0.009768064113577751
2459705.6949661,14.801302405223513,0.010055198600666034
2459705.7261528,15.07551746246081,0.04823080220676657
2459706.8098265,14.903386822241657,0.009854185077606728
2459708.8149553,14.999675151790779,0.01800588404402034
2459709.6866317,14.808957475675514,0.011948478500425453
2459712.7998193,15.379739954504995,0.15384917661512673
2459712.8985832,14.95949023924127,0.17070761381071015
2459712.8998803,14.393850759674116,0.08027447070101529
2459712.9011759,14.390047400735517,0.13095461597092392
2459713.8036844,14.886399976544705,0.03397852932779966
2459718.8707999,14.967856350928443,0.025868773406638977
2459718.8720927,15.013234163682752,0.04951664019473929
2459720.8095453,15.75378289267653,0.08244282404690123
2459720.8449126,15.070323151660073,0.0723451896849273
2459721.7132942,14.911766218974405,0.01587674318123796
2459722.7962091,14.913553869284083,0.016970188617713513
2459723.8082727,15.053586035839926,0.019071889731125193
2459724.8382403,14.90683430662977,0.035260720537082
2459725.8703786,14.880007981088884,0.016794070546796977
2459726.8751021,14.83823037869973,0.010947571689404025
2459727.3183479,14.967530262136057,0.019088103129153565
2459728.8370529,14.872362481402952,0.016250881400205457
2459732.7474696,14.912886197621942,0.01587211459744603
2459734.8315682,14.83517108195247,0.03154564755065916
2459736.3940374,14.792989953121946,0.01404871664584275
2459737.852193,14.840674837057168,0.013043870556528525
2459738.8697359,14.771912755626033,0.010143920397751352
2459739.8200645,14.749830231338354,0.010680259153482953
2459740.8110629,14.83481433782506,0.012707815574937314
2459741.7695834,14.787595303238032,0.01780618873671768
2459742.783909,14.897621735453363,0.02233480901383989
2459742.8005821,14.697518269788205,0.02156588217101376
2459747.6842794,14.704263518784767,0.015501912874434018
2459749.462326,14.735872963837446,0.011416500711918305
2459751.8044486,14.667344194682075,0.011866016783646887
2459754.6931022,14.608140579978073,0.0158231316242651
2459756.232387,14.64138446663097,0.013136165939338518
2459758.7755406,14.959224686253181,0.019765089956501333
2459759.8067477,14.615235967568548,0.012120597537920878
2459760.7314879,14.656204445621906,0.011724901969387119
2459761.7844057,14.773355175980633,0.01301503632824912
2459761.785646,14.639182756551673,0.019591166185381235
2459763.7688662,14.785488199774427,0.014828481424922072
2459764.7968336,14.651386900529914,0.011218820565946348
2459765.7858046,14.812144770634532,0.018261989978053454
2459767.8079763,14.847425698862766,0.018314471109147905
2459769.6705491,14.639394192106076,0.018573603698343683
2459769.6943556,14.87578311080254,0.017647599715202557
2459777.4202854,14.997008734559964,0.03017106724765048
2459780.7355382,14.932511784817331,0.01653716114970994
2459782.526216,14.91441066133348,0.01411290616582566
2459783.7207702,15.131496076733544,0.017225277243060656
2459784.6795955,15.190637791809811,0.02092588057664513
2459785.6466182,15.10182573453272,0.015555557709975578
2459786.5913971,14.945452373047479,0.013729271594861897
2459787.7064565,15.202140590776416,0.02255767474187577
2459788.6687965,15.004994317965147,0.015294266381219921
2459788.6700821,14.921800530999219,0.014469325564609462
2459789.7126279,15.03504720224562,0.032414303672142916
2459791.6751008,15.01148805437607,0.01808816298253136
2459792.6484521,15.078957456276253,0.017024035926653202
2459792.6509211,15.241772236508435,0.030213579737560923
2459793.6573224,15.018897047578237,0.015456289124395594
2459794.6683294,15.032176048311403,0.014695175918125938
2459795.6907295,14.97604882642624,0.015408042760178943
2459796.6543229,15.152568964734419,0.02110312838481063
2459805.6096067,15.092890180263094,0.03437936623040726
2459806.6654633,15.266860847642803,0.05281782379384293
2459807.6556066,14.964994072434735,0.02077407485141499
2459808.5800214,15.09989422276442,0.01566983694451043
2459809.6555519,15.047558070101289,0.012680428844534311
2459810.6662266,14.966600209109835,0.015327439052961453
2459814.4745798,14.907820833730199,0.012759653229114962
2459815.5428771,14.95892375873899,0.010899334672226526
2459816.5829974,15.098044680783584,0.03208473749858764
2459817.6170163,14.824132954077907,0.010774024481132044
2459817.619601,14.871347379534976,0.021148826256470812
2459818.6361006,14.844903950704559,0.012766296805582738
2459819.6322248,14.826501990806502,0.012209206529017406
2459819.6335392,14.83517718912277,0.01571052125581323
2459822.4732626,14.963303374590282,0.014124228495575713
2459823.4928468,15.028265632246761,0.015376724904562069
2459824.568941,15.028800411145955,0.017765313896076947
2459828.5062951,14.857160144842156,0.020222045656163534
2459831.2619942,14.79535228144192,0.02517446588680908
2459832.4965556,14.69620950916789,0.022542314091052236
2459833.5391678,14.865866944678771,0.0282935029461757
2459834.5828292,14.62943106952563,0.01977959765715466
2459836.3189292,14.704421694280825,0.013991371955187529
2459838.3077776,14.779456245129886,0.01615879353297288
2459840.5256099,14.71472840071369,0.011249112716126759
2459841.5217577,14.785157246125483,0.011023796744353987
2459842.5638177,14.80679727823935,0.013642871151830261
2459843.5190245,14.652615936892682,0.01294598193295697
2459844.5191385,14.652042746206362,0.011305152502328216
2459845.5233139,14.7578139152732,0.011201452169473429
2459847.5125625,14.585921275246045,0.010585326081955735
2459848.5172033,14.737115530403697,0.011851774876615175
2459849.5292686,14.644649314659672,0.013716779842556112
2459851.492432,14.58782010308462,0.011066799244974248
2459856.2368792,14.74718232678908,0.0562905101383426
2459856.5027464,14.56743230820052,0.014254715927595384
2459857.5247847,14.635853999140856,0.02158298616218575
2459859.4960785,14.625908321057594,0.020109490326001133
2459862.498934,14.663655386975812,0.026024644893255334
2459863.4904031,14.60801573917334,0.015702800080407652
2459864.4947484,14.61710588841071,0.01381439364179998
2459865.4951498,14.649466012063431,0.013400878610711207
2459866.4954678,14.651465029398963,0.013002484947487306
2459868.4922906,14.767551713420822,0.015799177165177293
2459966.8700923,14.613780576886803,0.019407340860500756
2459966.872697,14.475638649417098,0.03212238700020831
2459968.8695438,14.633564567192058,0.016943213689647487
2459968.8721257,14.669670193045574,0.03146991766452603
2459969.8690365,14.656220290129458,0.014759464403675784
2459969.8703231,14.643087787704776,0.019384800513895264
2459969.871626,14.62410190941055,0.02424311560013148
2459970.8608055,14.829551825930176,0.012304917290914388
2459970.8620457,14.780391909388708,0.014735663725797871
2459972.8717701,14.651138071763093,0.015536490129322787
2459972.8743537,14.65785310262659,0.020131067254051515
2459974.8665018,14.846578328532562,0.013104407975687366
2459976.6188763,14.659581038948417,0.016161504264562542
2459976.6201176,14.797360586509736,0.024285111710989116
2459977.861428,14.719315142831352,0.012368423803309193
2459980.6051749,14.676768372212603,0.027817587997177068
2459983.8368051,14.671514499715872,0.04782816007196384
2459987.6041156,14.834695093261772,0.017579860038773563
2459988.8338322,14.871386823122698,0.020886347248585076
2459993.7994227,14.713507171371267,0.012690060442152654
2459995.8047995,14.79591762541035,0.011738656597874039
2459997.8310274,14.905385103293034,0.013572970882631461
2459998.5871055,14.93054319388275,0.012155062747524682
2459998.5895866,14.802129972550633,0.017050755598989352
2459999.8101094,14.931738980717697,0.015129382751247058
2459999.8755222,14.772673961308643,0.009976181576386176
2460001.7889712,15.008682481949114,0.016936470934074774
2460001.8231697,14.895290372351639,0.015082299915141005
2460002.7951228,14.960592980530931,0.016197922342302117
2460002.8081241,14.800598824696083,0.01051396428443492
2460003.8463483,14.93795916058849,0.014179946490991425
2460010.7612867,14.967378119050608,0.03471983731891441
2460015.9970496,14.87136288775737,0.06409748447476421
2460020.7871295,15.085629469678237,0.017649784050558892
2460020.7883541,15.10353634535994,0.02140185612176214
2460023.4836141,14.984292860602487,0.014948236941436627
2460024.7661131,14.924696275712803,0.012868092197385593
2460024.8041837,14.962464776390359,0.01744338590177918
2460025.7944258,14.968516796507643,0.014541186585573814
2460025.8317448,14.950584550749312,0.01423852130320831
2460027.7078411,14.8657921160199,0.01177504383798571
2460028.8712487,14.894472282261873,0.013921092013789455
2460031.4651322,15.125158693033935,0.019502476832353625
2460032.4736508,14.991636471409915,0.01619155940251343
2460036.4500442,14.940293260616276,0.015406321026266788
2460037.5129867,14.85792795783782,0.011208546981996385
2460037.5142406,14.863977179427517,0.02092778033155366
2460039.9715079,14.761964438381355,0.0434455509765794
2460047.8620036,14.842922273870911,0.015511565934656031
2460048.677031,15.010573418155674,0.011993793622462045
2460049.8412373,14.998020099054632,0.013546161622031367
2460051.8804366,14.995882203769298,0.01832525879881746
2460052.8257288,15.055951125702911,0.01616993262965603
2460053.8158559,15.001665407285492,0.01488557263110338
2460053.8743498,14.842951487171085,0.014402758916978462
2460055.8711209,14.955444612509094,0.01632884050279815
2460058.6966821,14.926851964918928,0.014637134769557402
2460059.7987412,15.116505751310426,0.01928610752516743
2460060.8468605,14.954484829913664,0.01977509021211249
2460062.8818426,14.873070123859666,0.02245487082918767
2460064.9494067,15.129810966787549,0.028000578631636693
2460067.4322523,15.194722346296484,0.0339655452919819
2460074.8071268,15.332132123108073,0.047039759660202636
2460075.7429768,15.084897698958251,0.02490068558410185
2460077.7303393,15.027374362618286,0.01528794300137686
2460080.8738595,15.087071728309427,0.02575335800104371
2460088.8668615,15.28137541277458,0.025444648236832595
2460089.8702937,15.341808140716775,0.02982233450733157
2460090.8711078,15.030621927814654,0.028353118784190067
2460091.5694893,15.296887008138292,0.026964446033700303
2460093.8319557,15.095881487850969,0.03118068837159103
2460094.8057153,15.26267188628615,0.046448898289549075
2460095.8405271,15.195037388794109,0.025828931482005636
2460096.8246484,14.974611162303832,0.021296966711112558
2460103.7564329,15.101057226092356,0.036219281226743796
2460104.8055153,14.989175863583636,0.07080962951501141
2460107.7094705,15.052740681786945,0.0255528065022852
2460108.7134582,15.263394132389136,0.03795689882251219
2460109.5670643,14.919307069727052,0.016785955390512218
2460109.5866885,15.14453771564823,0.01850499852694778
2460111.7039211,14.995131154058857,0.04967436890332816
2460112.7093075,14.922269689074971,0.01663406905932793
2460113.7121221,14.962367123843244,0.013982385531510958
2460125.6579458,14.823836202456198,0.019321790851535747
2460129.7381044,14.969924299147696,0.06717819800171117
2460131.6662362,14.756486915724597,0.024394244619854042
2460133.7665753,14.885511798318236,0.02019862833045384
2460136.7800549,14.828283920369119,0.020350488228247074
2460139.6048068,15.004074053353147,0.012005138804354762
2460140.5094873,15.132347266967122,0.017726257264896114
2460141.7325842,15.011705589580306,0.017181095080497432
2460142.6982482,15.159852142905523,0.022322725171914238
2460142.7307156,15.01277427814832,0.015439956102545789
2460147.6998773,15.124301815191503,0.02670249227253567
2460148.7338179,15.022984539534907,0.029543418479432225
2460156.5259688,15.05722080982534,0.022149067748100926
2460158.6590236,15.114909825748715,0.04380782361021265
2460159.5803014,15.13961447292907,0.029903069066039397
2460163.430154,15.16915948224158,0.02555594732937502
2460164.4401109,15.060921891531942,0.016729187716967523
2460168.2449147,15.050024845887526,0.016821037130295216
2460169.389276,15.245573028109199,0.02489395967193973
2460180.2152786,15.207633078273739,0.027624906558288472
2460194.3360201,14.887874561253948,0.011811494808484957
2460196.3229578,15.063522359190548,0.03966681347256579
2460217.5144172,15.02821292387524,0.03146829848156097
2460218.5371631,14.98545159013587,0.028412736445089633
2460219.5000899,14.971025301247725,0.01636839327743273
2460220.5014192,14.912796529107528,0.013650383054140198
2460221.5293827,14.944265452923695,0.017193296070302466
2460223.5187454,14.847724912835039,0.012087543701764455
2460225.4957145,15.015418249361336,0.01790078463981
2460227.5078673,15.04558312975282,0.016903397871475333
2460229.4862863,15.05164041763144,0.03127824437805638
2460231.4873215,15.072965584316833,0.03217774550690787
2460338.8745154,15.344280709665592,0.04471132651558875
2460340.6156023,15.309548958267298,0.042204547478981704
2460340.8743985,15.262547496039243,0.039152886499621245
2460341.8620296,15.120622365851501,0.026813586909923227
2460349.6063734,15.158022036345853,0.0220543036868296
2460349.8767548,15.019256952705053,0.01816017122079042
2460352.6004665,14.870534702672787,0.011133027857070984
2460358.5709836,14.857648957968667,0.013235692880656546
2460361.5684249,14.673825272651499,0.013058467446077254
2460369.8075384,14.681070120951729,0.020082721198285785
2460370.8521688,14.63272729805456,0.016832728819882087
2460375.8870293,14.783236788714415,0.011913018162679496
2460378.628236,14.950049796263581,0.01292315576998888
2460379.6195519,14.946966574161234,0.014449467394810574
2460379.8983189,14.91186393673632,0.013770781997916754
2460380.8087042,15.002021420707443,0.014447556586311838
2460381.8964778,15.04158246555114,0.018586811226284066
2460382.8994119,15.058568857564582,0.031141328539985542
2460386.7769314,14.97218571171322,0.01419072684764789
2460388.528818,15.013792814719846,0.020722777389480886
2460388.7739056,15.302323121372288,0.03401727290363043
2460389.543816,15.181115021261128,0.05085411904097517
2460389.8685766,15.181549220693384,0.028449329465665665
2460390.5562917,15.183208430135817,0.027094004666665804
2460391.5218628,15.190378325733992,0.06901244718392577
2460402.8468395,15.036996093899493,0.018059410629527706
2460403.7490548,15.063359285466033,0.031196577651013583
2460403.9121311,14.94743945675689,0.015745032182544413
2460404.9001031,15.082153315876283,0.02089456482820215
2460405.8992377,14.924973688887215,0.013697977492987722
2460408.9119379,15.121661638500157,0.01901946613107369
2460410.706313,15.105692798868116,0.025749949775913567
2460410.9143295,14.960188646739539,0.020156543673216808
2460411.887013,15.088449207736927,0.017257030675382624
2460412.5270987,15.125318868749666,0.024909111024929306
2460413.5292848,15.208873810437677,0.025034597187951847
2460414.5295337,15.02312429599935,0.01691645828145979
2460416.8017573,15.059980215499902,0.015988222699057118
2460417.4891128,15.243566458111504,0.028827776833271444
2460418.4757436,15.05487240740974,0.030874522686681845
2460418.7512512,14.965049325359603,0.01575235635547882
2460419.4338891,15.26529861679715,0.08481454877977433
2460419.8224212,15.007110827348209,0.013865053663443039
2460420.422556,15.598533413867607,0.15497385047558992
2460421.4298079,15.27291499560631,0.12082107803772008
2460429.9530922,14.876870547374601,0.035437080577886436
2460434.6066429,14.822185756563515,0.012158659578443008
2460435.8133671,14.89962493242097,0.026099786797461364
2460436.846482,14.83802100842449,0.008934046774097317
2460436.8477066,14.82496433393198,0.009478643293267107
2460437.6010359,14.837799638474948,0.01453195200823285
2460438.9099369,14.676787604796413,0.014926360712524449
2460439.8169604,14.836970567586299,0.011814621986427368
2460440.8168512,14.722554286785368,0.009314371413362861
2460443.4441164,14.790689720166126,0.011607179855664606
2460446.7678656,14.761692561310824,0.02201085084076485
2460447.5724376,14.65791807302403,0.013664044242524796
2460448.7531774,14.685048460290735,0.011417609236855588
2460449.6767229,14.83037548471252,0.023014979701285892
2460450.5806081,14.754430687646272,0.017958481163524345
2460479.7480485,15.15057403026804,0.029129273367386348
2460486.7582196,15.254122334346992,0.03356439103260449
2460487.7756549,15.182542170137875,0.02535438786636307
2460488.7628472,15.218424256782601,0.06937186586212783
2460490.7896268,15.095648821362559,0.019581604700633904
2460492.6575211,15.06145970950304,0.018904068059958694
2460493.4513983,15.135926978520198,0.020018932589333453
2460494.5748714,15.061422309447634,0.017295838955620108
2460494.7248676,15.00544117735303,0.014604952523313055
2460495.7758296,14.959388132006273,0.024234578930740193
2460496.7736032,14.984263523849396,0.020421153098620217
2460499.801603,14.913187686355283,0.016278306743756462
2460501.6260636,14.896269434510614,0.013687559127969097
2460502.6378579,14.841314097712603,0.010029170783373292
2460503.6561014,14.845748332198019,0.01292725008962745
2460504.668642,14.724476164140519,0.011215771106178291
2460513.3828069,14.679926647504871,0.06894388774937008
2460514.6129824,14.670845538113252,0.024546861187974375
2460515.7058949,14.547506528039722,0.030247939679675106
2460516.7131457,14.553174998710405,0.03105753369282326
2460517.7079742,14.501309732497285,0.013126991737467735
2460518.6957366,14.604022651561868,0.011862020383491862
2460519.6850152,14.523933661232,0.01253094842547494
2460519.7448648,14.671572392473193,0.01819650042733027
2460520.6129084,14.592892692455909,0.0109525801398463
2460528.3546455,14.727077299241776,0.014176853753003581
2460528.6831407,14.739241270316182,0.011221164383495272
2460529.3778464,14.701534149819686,0.01232632085309074
2460529.6735967,14.6851338316397,0.014485252658076327
2460530.3671217,14.73102495388705,0.01193914393345476
2460530.6655804,14.588164079268997,0.01626825832585575
2460530.6667974,14.578884270750429,0.021610282361704494
2460531.6647556,14.740619863296878,0.016350440520089195
2460532.6604347,14.637622691101921,0.021042517458449
2460533.6149742,14.780761278672239,0.02107197690388444
2460534.6727952,14.734708735911898,0.014155610118861212
2460540.3433105,14.447440971931362,0.0259419438961539
2460542.3124972,15.09308147225239,0.04719315651120667
2460544.6415058,14.84600063241048,0.021545795979280656
2460545.5628808,14.856013595651037,0.022118428772143293
2460547.6171009,14.92654391818162,0.014154536230298633
2460549.5639186,14.989842801479583,0.014151849863772981
2460550.6194764,15.034380907330114,0.0258100978550948
2460554.5194499,15.205055585365807,0.027117873875121854
2460555.5233032,15.148298789584125,0.023041756415835977
2460558.609893,15.03246798617737,0.01701594013419924
2460560.5484515,15.07493134608029,0.01841471921432567
2460561.5902857,15.08706809482008,0.02105304871626094
2460567.5998494,14.973076251678457,0.034399910813166276
2460569.5397441,14.991940636062166,0.0288334346306985
2460573.5024669,14.977281010886047,0.014864897011588385
2460574.5815277,15.010159749099525,0.025923727209703772
2460586.5127568,14.78578813033372,0.011309694920098354
2460833.8048016,14.916574118148446,0.04085937545833201
