source_id,asassn_id,label,ra,dec,l,b,bp_rp,phot_g_mean_mag,abs_mag_g,parallax,parallax_error,parallax_over_error,ruwe,separation_arcsec,crossmatch_quality_ok,variability_group,period,lomb_scargle_period,period_source,period_power,period_alias_flag,catalog_period,period_catalog_ratio,amplitude_p95_p05,amplitude_max_min,median_mag,std_mag,iqr_mag,skewness,eta_index,stetson_j,n_points,is_periodic_label,feature_source,label_model
5937082247111854848,J164627.33-513227.8,L,251.61386067502823,-51.54105945499765,335.14337882544373,-4.010476591472609,3.3843927,10.655378,-1.4909119553086025,0.3721705540060401,0.037119865,10.02618285400661,1.0782588,0.0024766588757064215,True,irregular,1.0000174656962313,1.0000174656962313,lomb_scargle_no_catalog,0.13183635139596464,True,,,0.33470106889470763,1.1201796326255806,13.094664739733215,0.14796893849666656,0.145676317943515,-2.57869099449788,0.38061130058288095,12.979154394179792,984,False,lightcurve,L
5902647428334535936,J152047.62-483322.5,SR,230.1984313152491,-48.55624968622912,326.8045788074056,7.269586569169253,3.1032715,12.494673,-1.2330622964132942,0.179660639294528,0.030921701,5.810179695306154,1.2051563,0.003331307712318128,True,irregular,32.619,0.4992989918216564,catalog_replaced_daily_alias,0.16587594203343212,True,32.619,0.015306998737596382,0.21963820077157692,0.44681285203185794,14.309664031436352,0.06651946443333724,0.08053673757172497,0.3710501210398782,0.8171273095511621,2.8600271168858242,982,False,lightcurve,SR
5542502467681492480,J083519.41-351948.7,SR,128.83087188058718,-35.33018978391668,255.6646484180727,3.111406799468364,2.8756332,12.226301,-0.7397272419061771,0.2551492826288354,0.020009862,12.751176526296653,1.2588538,0.00557779304496541,True,irregular,23.86579895115832,23.86579895115832,lomb_scargle,0.1100497601818024,False,23.892,0.9989033547278722,0.14328232707290844,0.3097032027990405,13.94917169775865,0.044746629397139796,0.06291683969143591,0.17736205061444107,1.0407955589322608,2.273831369138649,1206,False,lightcurve,SR
6030107179908899200,J170234.09-282326.4,SR,255.64204241159837,-28.390669423394208,355.1405288025611,8.122104100884103,3.5137768,11.28969,-0.48814446734132844,0.4409944324423648,0.05891877,7.4847868080471605,1.3330635,0.007914623430859585,True,irregular,33.085,0.9977672179007702,catalog_replaced_daily_alias,0.11453832833869793,True,33.085,0.030157691337487386,0.23778270126345014,0.9140904928349514,13.42010939338617,0.07630849663157802,0.09988101996080623,-0.29225961552830027,0.6003171282142646,5.9685609489944484,1783,False,lightcurve,SR
423159251960945024,J000022.54+590559.3,SR,0.0939034318963239,59.099808483993634,116.40656639447263,-3.123483344869669,3.7339344,13.601073,-4.3143091601077685,0.1142203713977657,0.021645911,5.2767643458279805,1.1389215,0.00836907888972852,True,irregular,264.92,0.9974528326431457,catalog_replaced_daily_alias,0.5561647506607313,True,264.92,0.003765109590227788,1.1748028328543345,1.6888922330606242,15.930776134061187,0.42177875939652987,0.8527951493709196,-0.5071882009865482,0.41600388241979697,10.784031235768806,749,False,lightcurve,SR
424416131191842048,J005102.07+580724.1,EW,12.758626274230556,58.12337128120189,122.87847655206208,-4.748336856984111,1.1750851,15.309223,4.865358944737097,0.8216506231262435,0.026500884,31.0046496232444,1.0072163,0.008452511359893684,True,periodic,0.31574,0.9974564002749627,catalog_replaced_daily_alias,0.3810199823363936,True,0.31574,3.1591068609455966,0.7428517258330523,1.0254723276663107,15.59311968153622,0.21876220390415677,0.24449330796505642,-0.18552193572402806,1.128208123037469,3.3816101435499997,737,True,lightcurve,EW
423311259446113536,J000216.80+595807.5,SR,0.5700153403570616,59.96874949419456,116.81180821467898,-2.3175845023406274,3.7144327,11.427564,-1.0168783502868024,0.3244229207889305,0.027308919,11.879742321141693,0.89804906,0.008590482747746231,True,irregular,390.01,0.9974590636028272,catalog_replaced_daily_alias,0.5700200461862078,True,390.01,0.0025575217650901957,2.463409460992187,3.4641032887794587,13.652856047354621,0.7355430335502836,0.970220172153093,-0.4747921574099551,0.32269135102906077,65.42540616221812,1982,False,lightcurve,SR
6027729417300729600,J165456.69-311836.8,SR,253.73618786461088,-31.31022824067664,351.7874686376059,7.649101510666966,3.302557,12.627054,-1.0874052248137769,0.1807624233789758,0.033097353,5.461537162170515,0.94245154,0.00912418462414755,True,irregular,78.788,1.0002307285948873,catalog_replaced_daily_alias,0.2961139470906445,True,78.788,0.012695216639524894,1.379263913949444,2.2014332648915875,14.835475306206378,0.40805620265896503,0.3906818361671718,-0.9764506226188022,0.21470261825769643,15.771518733396586,1083,False,lightcurve,SR
6030075259712472704,J170220.81-285242.3,SR,255.58670090588112,-28.878432461903262,354.71747870535927,7.86761810922289,3.5625029,12.586478,-1.0953467740115066,0.183499567593127,0.035471134,5.173208378202033,0.83000016,0.009311540339681776,True,irregular,44.71650509048954,44.71650509048954,lomb_scargle,0.0966533148953636,False,32.169,1.3900495847085563,0.20381350638554352,0.7228890679879747,14.550526391054548,0.06525127468461052,0.07684782665891454,-0.1947631551547431,1.2434089424533885,1.327372284307032,1781,False,lightcurve,SR
5902560296359891840,J151946.60-490710.5,SR,229.94417135975928,-49.11957265060589,326.355025430488,6.887082217104931,4.3526793,11.933495,-0.5363883542658243,0.3206441561409303,0.054916065,5.838804294170209,1.1667447,0.01006565573653668,True,irregular,581.02,0.9987022502257005,catalog_replaced_daily_alias,0.1150693897991875,True,581.02,0.0017188775777524019,0.2802904720050847,0.5256489721844204,14.051566891011452,0.08657520058581004,0.1272972326244215,0.29552190265330147,1.4331351487971133,2.918327377155586,984,False,lightcurve,SR
424345174030805248,J005511.35+575015.5,L,13.797296781953696,57.83764770824023,123.43305308864392,-5.030452164369781,2.7996807,13.527571,-2.1937357268653406,0.1138776914925506,0.013464655,8.457527615267573,1.1155574,0.010300428220809628,True,irregular,0.9974564002749627,0.9974564002749627,lomb_scargle_no_catalog,0.5775590531239584,True,,,0.7698925508891659,1.003476547085734,14.80932295221563,0.2909824732502862,0.5973107627789265,-0.9265435347942635,0.22666087661813683,27.074635535623592,754,False,lightcurve,L
5542674811821982080,J083224.63-352325.0,SR,128.10264326065496,-35.39027127004977,255.35905563058628,2.598414371258378,2.8794107,12.9508705,-0.06082937054682347,0.2498388808963607,0.019513378,12.803466467792541,1.1531382,0.010605590525012256,True,irregular,123.75,0.9918376612687273,catalog_replaced_daily_alias,0.10069622840604522,True,123.75,0.00801484978803012,0.14286070360165048,0.49626707454747,14.163789039985012,0.047123822452949014,0.06483733789667134,-0.2278814480037117,1.5153009855101423,1.165696672493921,1134,False,lightcurve,SR
4071611885458652032,J184013.40-284651.5,SR,280.05583129179405,-28.78098286310583,5.828244135297437,-10.450419150927118,2.7641478,12.037911,-0.8850033826758334,0.2602658118018798,0.023629475,11.014455962389338,0.9129493,0.01108384060572956,True,irregular,341.04,0.9970011796958186,catalog_replaced_daily_alias,0.32653598430877717,True,341.04,0.002923414202720556,1.4265667962119526,1.8762604530153837,13.90540816004893,0.40433573751477403,0.3793858904637428,-0.20733185368192383,0.6325631608683915,28.612828446701027,1052,False,lightcurve,SR
4317989527641688832,J193735.58+140940.1,SR,294.39824262605947,14.16114808027204,50.79521475975815,-3.5005853360853507,3.1089907,12.586778,-3.0501029626723284,0.1640075373275078,0.025035609,6.550970552683891,1.1228052,0.011479870027894402,True,irregular,46.12410070549078,46.12410070549078,lomb_scargle,0.2593887347668274,False,42.815,1.0772883500056238,0.22348884433826477,0.5082539529552861,14.636895265856875,0.06806189354853567,0.09472952991291272,-0.042012186886678765,0.7067505741004709,2.98105436493127,948,False,lightcurve,SR
5902598607469854592,J152116.95-484026.8,EA,230.3206351566931,-48.674110120989816,326.80813583246265,7.126737941095817,1.2298384,14.135013,1.4376544266385152,0.4393678604663059,0.023230512,18.913395471710047,0.994098,0.011521879832700263,True,periodic,2.54781606387005,2.54781606387005,lomb_scargle,0.1090980189323253,False,5.0962,0.4999442847356953,0.14322473220999044,0.36256576362907644,14.609261343926693,0.045944534002197876,0.04825157332770402,0.5849737546649505,1.7939596994486793,0.3210552143993585,917,True,lightcurve,EA
5542681821209011584,J083227.79-351127.3,EA,128.1157841843862,-35.19091015443032,255.20459010316264,2.725109950580493,0.95693207,15.283063,1.9961476158428901,0.3089419782701789,0.023516607,13.137183364512529,1.0599263,0.012323223757845647,True,periodic,2.3687,0.9997018336405178,catalog_replaced_daily_alias,0.12559063520055688,True,2.3687,0.4220466220460665,0.5580917316936134,0.937602118831288,15.721297327426836,0.1549299866163067,0.13069047041482484,0.3866089078784157,1.5011356970961465,0.9326002179521901,1365,True,lightcurve,EA
5238502204262059264,J110817.46-661430.2,SR,167.0727238113526,-66.24173236095848,292.792200514918,-5.421894974276329,3.7316513,12.246741,-3.018132744350548,0.2010783214208853,0.032045085,6.274856859355664,1.0982445,0.012361450042127051,True,irregular,48.41308882404421,48.41308882404421,lomb_scargle,0.1192690594482288,False,101.68,0.4761318727777754,0.2530078163133176,0.6934941870373237,14.952550905100686,0.07984201821293241,0.09873415113315431,0.49120621131774184,0.8603233617501357,2.7346279811742784,1039,False,lightcurve,SR
6027732750196601088,J165425.31-312026.8,SR,253.60546596983576,-31.34079047169869,351.6933464649908,7.717678258777163,2.3452263,11.742437,-1.1129270729357792,0.2684894253761989,0.027383082,9.804938150358637,1.1366533,0.012507436061288972,True,irregular,344.33,0.9979425358142223,catalog_replaced_daily_alias,0.061647149269901745,True,344.33,0.002898215478797149,0.17206905427440233,0.3707386189597397,13.298042337037222,0.05465733408100539,0.07179944835930208,0.06894039671505899,0.589892171542471,6.590605031062211,877,False,lightcurve,SR
5947531593241065344,J174950.64-485002.4,SR,267.46098730236884,-48.83398698893951,343.18001494827064,-10.819267273503035,3.503994,12.633257,-0.03320912800018405,0.2928915041741666,0.041987613,6.97566456502699,1.1463904,0.012584348048647411,True,irregular,43.711,0.9999884953265357,catalog_replaced_daily_alias,0.0839880829701225,True,43.711,0.022877273348276994,0.2782697534696119,0.583457764406413,14.376686611285878,0.08690120306253903,0.0997794326292798,0.25963658192954736,0.8577587908882806,3.0272853189884743,1202,False,lightcurve,SR
5238561307333089408,J105921.61-663525.8,SR,164.84005271484523,-66.5905034864398,292.1131222879734,-6.102304384456785,3.0041323,12.396273,-0.5664402742508514,0.2555390907386382,0.034467034,7.414014525840494,0.9272183,0.01313810510763064,True,irregular,33.264,0.9997550217959774,catalog_replaced_daily_alias,0.19950494767871726,True,33.264,0.030055165397906966,0.7801393115104389,1.1272369221695744,14.352435425912471,0.20181425562313954,0.15248880945331855,-2.0220186116747905,0.3215530239746995,7.505390721292826,1831,False,lightcurve,SR
2053454684903455744,J192512.05+401630.0,SR,291.3002164308213,40.27500257698807,72.62528084965129,11.250769532374392,2.6581774,12.811279,-1.8363143626894267,0.1176200412734508,0.01986552,5.920813614415872,1.392382,0.013496964487739519,True,irregular,23.455,0.9974343122764388,catalog_replaced_daily_alias,0.6048346198673828,True,23.455,0.04252544499153438,0.5437796305791878,0.655732740785961,13.579899647561147,0.22413692322383189,0.45865092698048215,-0.572708636165486,0.2056049123942177,35.791062190522496,1048,False,lightcurve,SR
5542480614887014784,J083321.39-353602.2,SR,128.33912056223346,-35.600624007391914,255.6429056352134,2.6286293504177216,3.4706125,11.704762,-0.4901724393296085,0.3639260235446841,0.029975109,12.140940790062986,1.2512478,0.014520177317758792,True,irregular,29.249,1.0001853184857483,catalog_replaced_daily_alias,0.17520118385203648,True,29.249,0.03419553894101502,0.17619303571240863,0.3298531890885954,13.547252389129394,0.05448243905338694,0.0788699128145911,0.1327632031052382,0.8109775557127769,4.757723612683611,1209,False,lightcurve,SR
5542686223559468672,J083126.51-351631.4,ROT,127.86044619690811,-35.27539740194971,255.14939788212897,2.5069432344731037,1.6209698,13.573019,4.961755187453335,2.8244067288894765,0.011744781,240.4818556335343,1.0598664,0.014574258245312133,True,periodic,6.857,0.9997264046904867,catalog_replaced_daily_alias,0.2648173949533504,True,6.857,0.14579647144385105,0.1879237135653078,0.6818595465307631,14.18735396808751,0.058853342516196845,0.07593994093109657,-0.1345780217362391,1.2275213353754253,2.2495653826274484,1211,True,lightcurve,ROT
424111596533596032,J010205.84+574001.4,L,15.524338993801049,57.667055905690496,124.36265491899344,-5.175079326917479,4.2294855,12.64266,-0.13203863387716908,0.2786507865139437,0.04579224,6.085109322320632,1.1503409,0.014866291307440662,True,irregular,1.0001652507589431,1.0001652507589431,lomb_scargle_no_catalog,0.5602840119633823,True,,,0.6020933815686025,0.7287817737822451,14.26214621303009,0.22626016357788103,0.4749301399501853,-0.906813348726038,0.23474103573155775,28.111693801124655,765,False,lightcurve,L
423801675989328000,J005353.54+562740.4,EA,13.473093164668091,56.46121825121265,123.27306957457932,-6.408905925480024,1.4757233,12.223062,-0.016388915210411303,0.4808059317461343,0.01262487,38.084030310500964,1.0900732,0.01498241678793783,True,periodic,55.042,0.9974564002749627,catalog_replaced_daily_alias,0.5229146135013347,True,55.042,0.018121732500181002,0.5193913449659728,0.722099895877065,13.082628763517747,0.19852571844831476,0.40526211776913534,-0.9638105400853325,0.2351344954733509,61.058593398532125,758,True,lightcurve,EA
6027810059602087040,J164820.07-314446.9,SR,252.08360518055065,-31.746351017870676,350.5520625524922,8.472630101124963,3.3742552,11.619349,-1.467128759848194,0.2413817591489861,0.03609279,6.687811032313825,1.0666362,0.015202433647528085,True,irregular,464.85,1.0003492119844635,catalog_replaced_daily_alias,0.19505743462902253,True,464.85,0.0021519828159287154,0.5578088772930911,0.7612545678789413,13.129369736942348,0.15719540581217473,0.1416455676680517,-0.43934959607140545,0.4987005741081859,17.31348440323612,1074,False,lightcurve,SR
5238410365001450112,J111044.60-664919.5,SR,167.68583999039043,-66.82207571007727,293.2430321542323,-5.86362270750624,3.4271402,12.588976,-0.8065678863648778,0.2093588011431876,0.022943245,9.125073682610616,1.2451658,0.015443727808705924,True,irregular,54.23,0.9974644973559558,catalog_replaced_daily_alias,0.17246886292868485,True,54.23,0.018393223259375913,0.820288124633203,1.2841171418459716,14.954904424155247,0.20773669794984242,0.15264462388685196,-1.5425691437791842,0.4609100839957783,6.544515647164055,1127,False,lightcurve,SR
4318097309803203840,J193759.92+145133.3,SR,294.4996698709645,14.859264296442012,51.453888600331496,-3.246302951207384,3.7201366,13.693261,0.07179592001769208,0.1886717961781682,0.028470531,6.6269152541681855,1.102802,0.015473706722080186,True,irregular,425.48,0.9997867071351898,catalog_replaced_daily_alias,0.06794044278462706,True,425.48,0.002349785435590838,0.5487307930220346,1.2759273788228498,16.605143111559915,0.16853992175013516,0.19318886166772486,-0.13063179456019727,1.5318392217856158,0.5557800309728994,907,False,lightcurve,SR
4318055360904649344,J193619.96+142353.8,SR,294.08315716110866,14.398293464472696,50.85415769290686,-3.118467700514851,3.9672184,13.356675,-2.2611188109514035,0.1994808627251961,0.039416265,5.060876841709789,1.1433574,0.01592305268670441,True,irregular,648.35,1.0001994436012587,catalog_replaced_daily_alias,0.15496979021699023,True,648.35,0.0015426844198369069,1.6503615624195085,3.971423006808571,15.118380949853982,0.5075226255096132,0.6155029203481099,0.362583423011842,1.3958557780106917,5.794821895349806,860,False,lightcurve,SR
6027847992755874944,J165015.83-311542.7,SR,252.5659447069335,-31.261870406558312,351.194423355843,8.46007777033176,2.5709105,13.401631,-4.381613396325038,0.0894481001529252,0.017444583,5.1275573714158265,1.0675944,0.016353956163349448,True,irregular,35.64414712551337,35.64414712551337,lomb_scargle,0.1322548758538328,False,36.602,0.9738305864573896,0.23688628309237103,0.6450172691754741,15.007921584501716,0.07502043274631334,0.09233657958565367,0.47931740783757515,1.418528435604074,1.0114923119525616,878,False,lightcurve,SR
4471300373793789056,J180125.42+042937.0,SR,270.3558971544597,4.493596367150177,31.243535542817668,13.16852405471609,2.8152933,13.585766,-1.8794806398578352,0.0807143348205912,0.015185856,5.315099446523871,1.1285619,0.016593225468322845,True,irregular,39.988,0.9974300525796529,catalog_replaced_daily_alias,0.4555949542770908,True,39.988,0.024943234284776756,0.8689991371991415,1.135467178651588,15.34199157764635,0.2873630223287199,0.22495790381810465,-1.0709112835990344,0.31588572298659906,8.215753875475684,1171,False,lightcurve,SR
5542672857621235200,J083150.32-352229.7,SR,127.95964579003083,-35.37493316387161,255.27764225913052,2.5134868726181305,2.1889906,14.783435,-1.6661449109206798,0.1397153161497774,0.019277457,7.247600975054821,0.967792,0.016806146444705357,True,irregular,44.687,0.9997018336405178,catalog_replaced_daily_alias,0.3785075096930879,True,44.687,0.02237120043056186,1.0925628963039031,1.6182445403008074,16.35623822584886,0.3381980620157634,0.24312529076675915,-1.0499242240663567,0.36862338781583753,4.572937714816975,1425,False,lightcurve,SR
5947892129972944512,J175316.10-481610.8,ROT,268.3170953978195,-48.269683528428565,343.9620035946309,-11.04298308971623,1.5676146,13.943435,-1.6330890134994345,0.1109315796436501,0.019285,5.752220878592175,1.0183443,0.016821589472881444,True,periodic,13.217,0.9974329168961283,catalog_replaced_daily_alias,0.37243497008356485,True,13.217,0.07546590882167876,0.7229255666082537,1.0480217334564035,14.718559516981571,0.23312102685836264,0.14918418902729336,-1.178134649224754,0.3992320241607106,6.899146590984921,2551,True,lightcurve,ROT
5077117712896687360,J024418.49-241552.7,ROT,41.07706247251857,-24.264645576494573,212.8580198471757,-64.46571465643193,1.2400866,13.985191,2.487136983728034,0.630564035218534,0.019271532,32.719974479378905,0.99053246,0.01787294569818528,True,periodic,15.875,0.49927405594903146,catalog_replaced_daily_alias,0.21411502003131858,True,15.875,0.03145033423300986,0.6021796672622006,1.2788350281932104,14.657587255633608,0.18861051141901924,0.22183628042235704,-0.5451334823392903,0.4956623633964357,8.696895283289273,1692,True,lightcurve,ROT
5096776843362953088,J041043.40-164645.6,EA,62.680816128998046,-16.779326165646637,210.99521984979552,-42.95201562114277,1.0735502,14.508767,4.6384869880770765,1.0845860085374577,0.019230926,56.39801268734838,0.9301891,0.01919785970735081,True,periodic,0.88627,1.0001412945972075,catalog_replaced_daily_alias,0.19877045990347647,True,0.88627,1.1284837516752315,0.4876647656271107,0.9793203276612719,14.76867907065144,0.15746439083218816,0.19520408312017956,-0.7537892782265528,0.7149373018954239,6.781174776321585,1766,True,lightcurve,EA
5081912751826042624,J034701.56-261611.2,ROT,56.75651058497294,-26.269764116497267,222.00293599681171,-50.977302024420965,1.5624456,12.955694,7.404067143556887,7.75665773905672,0.014223696,545.3334870948255,0.98583436,0.021264625724758596,True,periodic,1.2855,1.000211478186367,catalog_replaced_daily_alias,0.11035557078691476,True,1.2855,0.7780719394681966,0.4927629199456156,0.6377114279449323,13.956799681355717,0.12526273810613833,0.07436704910386815,-2.166316178858733,0.8280308880746795,7.4541811146982075,1396,True,lightcurve,ROT
4071615218353374720,J184127.78-284320.6,L,280.36573461863884,-28.722394401296945,6.000094289588121,-10.671124695053578,2.881219,12.486253,-1.1141135960989228,0.1905139058106317,0.030506667,6.244992473633115,1.0783244,0.021532931115777084,True,irregular,0.9975021485931352,0.9975021485931352,lomb_scargle_no_catalog,0.28026313524654745,True,,,1.1473854846171712,1.7900066496288964,14.449244824388813,0.3297122591621925,0.2867770379519836,-0.08948685865233337,0.5040819051143305,14.243400419606502,1057,False,lightcurve,L
5947672880478623232,J175619.87-484716.0,SR,269.0828068885913,-48.78779564307571,343.74216941248045,-11.735172295952816,2.7778292,12.594196,-1.0917944609936931,0.1831478850100866,0.024502253,7.474736507295333,1.2874839,0.021613976086335873,True,irregular,408.69,0.9974138065331412,catalog_replaced_daily_alias,0.5038739625531059,True,408.69,0.0024405143422475254,0.6760411425256283,0.9724234665020131,14.033331078197675,0.23668791964853034,0.42870053568783106,-0.8928284995998221,0.271142716693511,21.984394406849805,1421,False,lightcurve,SR
5937134469532779648,J164542.79-510007.0,SR,251.42827620568744,-51.00194553889896,335.47960875349537,-3.5727911845881763,3.6193514,12.604891,-0.2259057080571285,0.2715442796551579,0.04756004,5.709504862804109,1.2112472,0.0217139083844182,True,irregular,20.616,1.0002216196426241,catalog_replaced_daily_alias,0.0960803411493381,True,20.616,0.04851676463148157,0.2339457673096792,0.7069679217869229,14.825777469962155,0.07567920233984145,0.09473540362020039,-0.4352347064465306,1.702673215454883,0.5030401550056749,964,False,lightcurve,SR
423270233917933824,J000414.38+592525.5,DSCT,1.0599279714225938,59.42374548446812,116.95352724078045,-2.899040413962982,1.1310043,14.764175,2.837795942787219,0.4118358875739106,0.019276924,21.36419106979467,0.97061116,0.021848342401066298,True,periodic,0.10352,0.9974383428771707,catalog_replaced_daily_alias,0.5179360908828708,True,0.10352,9.635223559478078,0.49045952936833714,0.9186655163155795,15.152321559147612,0.18420080392321914,0.36235379262901546,-0.615721431925885,0.42635007629459126,8.115888815035447,730,True,lightcurve,DSCT
5542834309724925952,J082056.17-363737.6,DSCT,125.23403583860816,-36.627094735825,255.01988051386363,-0.0089878452294774,0.6557064,12.70835,1.74773762639429,0.6425064994926715,0.010936955,58.74637863031086,0.97516525,0.0224430178803905,True,periodic,0.11974,1.000225221545057,catalog_replaced_daily_alias,0.19715689096189234,True,0.11974,8.35330901574292,0.19281802516536395,0.24289649946891778,12.979877925064919,0.05538829907479261,0.03901865331917875,-1.5317948864740245,0.4134645108363127,8.788791765037775,1352,True,lightcurve,DSCT
5091346046196399360,J041841.53-214022.4,EB,64.6730498268833,-21.67289804423324,218.1500291337022,-42.821197913560304,0.87854195,15.031332,4.132594981535667,0.662144226028627,0.026913773,24.602430362648413,1.0746251,0.028965030497611528,True,periodic,0.19390446191438251,0.19390446191438251,lomb_scargle,0.14307831888726574,False,0.38781,0.4999986125019533,0.49830927526088153,0.93704362797288,15.36660490162837,0.14721543982494445,0.1731918924078979,0.0024352968367484114,1.3480062381227118,1.8483781734873572,1785,True,lightcurve,OTHER
423928875740155520,J010046.18+561951.5,DSCT,15.19241384428068,56.3309829324302,124.23345013420808,-6.517182870427376,0.90694046,13.963533,0.7225553614120073,0.3651778877682677,0.016993739,21.488966481612298,0.999725,0.029578712128029417,True,periodic,0.15307,0.997430424856948,catalog_replaced_daily_alias,0.4332584488034631,True,0.15307,6.516171848546076,0.3405758929815743,0.5503343629957023,14.330039670889317,0.11332676274367806,0.18977961284143596,-0.6101078685300835,0.4992706715947031,8.264415423166575,748,True,lightcurve,DSCT
5084809209050970880,J033503.14-254305.7,EA,53.76310201469425,-25.718268954081346,220.24513437435937,-53.50428155197672,0.7617531,14.046787,3.2428245436434695,0.7110948097063456,0.017773611,40.008460278912686,1.0108736,0.03289033352309831,True,periodic,1.0605,,catalog_only,,False,1.0605,1.0,0.25,0.25,14.17,,,,,,0,True,catalog,EA
423506938153967744,J005914.53+553508.3,SR,14.81053368142781,55.585628924341655,124.04339430878125,-7.2692779343776115,3.5633116,11.716776,-1.8114615723560945,0.1969484129508948,0.027689593,7.1127232874421376,0.96160203,0.033427248377009375,True,irregular,299.44,1.0001640446650324,catalog_replaced_daily_alias,0.6145771009204819,True,299.44,0.0033401150302732846,1.6601980271235082,2.0637164126414014,13.738641775654756,0.5230723759309155,0.5429296100710044,-1.0836503586553394,0.16051282094378036,57.44797712603295,867,False,lightcurve,SR
4318044503226368896,J193712.78+142344.7,EA,294.30324111884494,14.395760625081708,50.95568737953369,-3.306012378942623,1.1912432,13.529747,1.3140597873627822,0.7351950214739265,0.01752553,41.94994510716232,1.1127689,0.038448741469734767,True,periodic,0.7955184503081222,0.7955184503081222,lomb_scargle,0.1484510181259318,False,1.591,0.5000115966738669,0.14941921204067654,0.2851406063982349,14.146747964867417,0.04097732840382276,0.03977897942487196,0.5840859689494701,2.02812637315183,0.07592712738450945,930,True,lightcurve,EA
5081717863389824768,J033934.26-262429.1,ROT,54.89274825248772,-26.40807174429964,221.69947319197996,-52.64274903625729,1.1925373,12.917609,3.163675603144455,1.1199878739934384,0.01435657,78.01221837760957,0.9572664,0.03989157261431435,True,periodic,23.653,1.0001627692902904,catalog_replaced_daily_alias,0.28965104384951634,True,23.653,0.04228481669514609,0.5394258350340095,0.7383472197913186,13.593296214667703,0.17118491642957495,0.12789452907999355,-1.0165814192923155,0.35445367128463406,24.50329214623086,1874,True,lightcurve,ROT
4469815796878622336,J175957.79+043528.8,EA,269.9907855528574,4.591329324120586,31.164363554053143,13.537425381624104,0.96073055,12.170061,3.7214849787796607,2.400959286756444,0.013632755,176.11695411209578,0.95605254,0.04161462238301719,True,periodic,0.7285734015713677,0.7285734015713677,lomb_scargle,0.06036689576876336,False,1.4572,0.49998174689223696,0.1055810236993473,0.40931666982863746,12.645017025801767,0.04164666358124892,0.03473731005113301,0.6370281160875907,1.786672000583017,1.1475631953498213,891,True,lightcurve,EA
5088179487068144384,J034044.01-215857.6,DSCT,55.18334698684651,-21.98265876211471,214.81466221953264,-51.33942470504841,0.27190208,13.989182,1.8453307128535852,0.3924187432410643,0.016262239,24.13067125880171,0.9598983,0.04366939667819699,True,periodic,0.06503416055282223,0.06503416055282223,lomb_scargle,0.3594811275152371,False,0.065034,1.0000024687520717,0.16058017390800217,0.39873625712497507,14.012709581203426,0.050522659452715696,0.07092518411662141,-0.08560900523811324,1.9215747427040006,0.09529434431885658,1842,True,lightcurve,DSCT
4470225193166650624,J180914.80+035451.0,L,272.3116391407816,3.9141539459875463,31.616374245687705,11.16670653101484,3.0728416,12.166076,-1.7739947642977971,0.2066454499440849,0.026585693,7.772806597295955,1.2610073,0.04467833654718398,True,irregular,32.59818773469463,32.59818773469463,lomb_scargle_no_catalog,0.06324185532469191,False,,,0.2506338023687604,0.6863198217862365,14.346278197732861,0.07696422592870734,0.09806761583780421,0.13961696252244707,1.1776035182815,1.8399104243409707,1154,False,lightcurve,L
423725259933382400,J004738.67+561251.3,EB,11.91113507653738,56.214249566576456,122.40099655702332,-6.653589907038269,1.2309637,14.059576,0.924723708262142,0.543187217815308,0.017376373,31.260103464359794,1.0148976,0.048184357632426865,True,periodic,1.4141,0.997430424856948,catalog_replaced_daily_alias,0.45095671643182056,True,1.4141,0.7053464570093685,0.543953584403086,1.0928416878763656,14.69806037537889,0.18528585665766958,0.2999989501234932,-0.6361399589111941,0.4483587045976092,10.128584666460231,767,True,lightcurve,OTHER
5238604634960246656,J105652.46-663748.0,EA,164.218599561861,-66.62999354586844,291.9053545375538,-6.242856215909661,0.6019373,13.995745,1.1236787687393672,0.4529671984129734,0.013306448,34.041180517368225,1.044059,0.04818626158749158,True,periodic,2.7372,0.9974690816539772,catalog_replaced_daily_alias,0.12462694559278042,True,2.7372,0.36441220285473375,0.28704269760191714,0.4290032575226306,14.168100437551011,0.07917119038154573,0.05668984690585077,-0.5795128376163646,0.9029752887865298,2.575532426025988,2433,True,lightcurve,EA
5947767434168666496,J175712.28-480013.4,ROT,269.30119039304947,-48.00371116371567,344.51840234515487,-11.494962287330926,1.2125912,12.811052,1.5603614756296635,0.6966937188865756,0.015378599,45.302808070265414,1.0445445,0.04929900227615388,True,periodic,43.556,0.9996340815642021,catalog_replaced_daily_alias,0.06512284710682724,True,43.556,0.022950548295624075,0.1463205919618069,0.43184177088551223,13.437431151253111,0.051049012102107084,0.05584718546827361,-1.4456253563254982,0.9276708648590941,2.5089465192493496,1911,True,lightcurve,ROT
424500170808916480,J004729.94+562135.5,EA,11.87473683170878,56.359876138929536,122.38287805326048,-6.507674667179964,0.9629936,12.59793,2.2173372986230557,0.8392308879634516,0.013629271,61.57562557553163,1.0328118,0.05121810122110847,True,periodic,2.9561,0.997430424856948,catalog_replaced_daily_alias,0.44182148236713764,True,2.9561,0.3374143042714888,0.39350484415744624,0.47506289354613607,13.092690230178025,0.1295339004228842,0.188526440191648,-0.8452282457951494,0.3472039122997706,31.591864273258263,773,True,lightcurve,EA
5542851425183969792,J082305.84-363009.6,EA,125.7743012657144,-36.50267002933114,255.16518530629372,0.4184049196009417,1.0666838,15.613673,2.6333499530376105,0.3966937796747962,0.027127204,14.623467264624699,1.0248677,0.05421309574520172,True,periodic,0.24759518179604958,0.24759518179604958,lomb_scargle,0.23568776685985587,False,0.99046,0.24997999090932455,0.7329750660661656,1.5117733447696722,16.027290720487045,0.20734300261156408,0.2321819124793194,0.1798445169211723,1.0162311387022205,1.5716774035461378,1448,True,lightcurve,EA
5542939283036764288,J082039.78-355358.4,EA,125.1657371262281,-35.899544392545394,254.389696244551,0.3587551647217983,0.67709255,14.022142,-0.4369482751266127,0.2783953294471728,0.016208233,17.17616778134747,1.0431757,0.056808376661528714,True,periodic,7.8173,0.999714697850426,catalog_replaced_daily_alias,0.11662827936630796,True,7.8173,0.12788490883686515,0.23498483561909111,0.4541623653664324,14.276702376301165,0.07046268259834808,0.05779648290370787,-0.7544913527916285,0.754276871018091,2.2931541245916622,2887,True,lightcurve,EA
423217285559502720,J000536.38+591536.2,DSCT,1.401571554175416,59.26004473485695,117.09568920229002,-3.091372354970594,1.0256081,14.487367,1.484757141858988,0.4713223434635364,0.019788437,23.81806827206901,1.079071,0.057109803486178626,True,periodic,0.096277,0.9974383428771707,catalog_replaced_daily_alias,0.3255101894311961,True,0.096277,10.360089563210016,0.409362154604235,0.8722509076471141,14.30034710584568,0.12246781548291012,0.18327252127925142,0.47718888084829825,0.5994752285494913,7.569780717628063,733,True,lightcurve,DSCT
423094140256455552,J000742.09+584140.4,RRAB,1.9253539969986595,58.69457414780633,117.2639664535647,-3.695031213897446,1.4385834,16.197477,5.148499514018484,0.616885415635469,0.04198496,14.693009488051649,1.0056297,0.05907756152084326,True,periodic,0.78852,0.9974457508851718,catalog_replaced_daily_alias,0.3868137568987743,True,0.78852,1.264959355355821,1.0694979320422284,2.145497622951222,16.976688068700714,0.3331537134836135,0.4226453649102879,-0.24425840110190988,1.011491483359715,1.7529049518194726,680,True,lightcurve,OTHER
4471384181497170560,J180603.57+050308.2,ROT:,271.51487137918406,5.052265830799646,32.288294763070255,12.388831354760692,1.103095,15.446308,3.1893415978429456,0.4361408037294804,0.031102614,14.022641432307921,1.036719,0.05964585547918322,True,periodic,0.997468510728298,0.997468510728298,lomb_scargle_no_catalog,0.30761850081788455,True,,,0.5985745256795116,1.315015424415396,15.863367664316012,0.19331991700853893,0.23703128386679317,-0.5418575827434714,0.8103175619158727,2.3619586439785722,1150,True,lightcurve,OTHER
423217079401079680,J000544.56+591516.6,EA,1.4356593359716658,59.25462566551785,117.11190542947068,-3.0997866956258697,0.5121603,10.451384,-1.4207484892658524,0.4222537373156305,0.0131654795,32.07279592935681,0.7702804,0.05971330536771799,True,periodic,4.0642,0.9974268777986114,catalog_replaced_daily_alias,0.24970026527322658,True,4.0642,0.2454177643321223,0.4890056416479105,0.8746835490716691,10.628139765581691,0.15254813168911247,0.19111187096140192,1.304813782826443,1.5748717360111895,36.81946579816482,712,True,lightcurve,EA
5091106283941667200,J040610.48-203232.6,EW,61.5436697737827,-20.54237596777172,215.40647775678437,-45.25285469642209,0.97669697,14.275705,4.49109002651967,1.2733183719658117,0.017293347,73.63053386749318,0.96991014,0.06031133110719977,True,periodic,0.28813,1.000166484183019,catalog_replaced_daily_alias,0.23130784374939992,True,0.28813,3.471233416107378,0.40198908523470855,0.703141914797909,14.764582852294609,0.1317918238159016,0.1121977222052255,-0.9764408246874555,0.5866114022246068,6.134784420113877,1821,True,lightcurve,EW
5081905669423024896,J034826.04-261404.9,EA,57.108484230439885,-26.23468071490089,222.0482704365527,-50.66098298042606,0.7927475,12.372345,3.7030154720987682,1.941842913181908,0.012131919,160.06065595903732,1.0600926,0.060913276727057174,True,periodic,1.1304,1.0001812559642076,catalog_replaced_daily_alias,0.20165528683913284,True,1.1304,0.8848029511360647,0.26402668532764295,0.41488630643330104,12.705764964121231,0.08242664645192166,0.05965186615928175,-0.6112851152497285,0.7584720270367452,18.448954908198562,1669,True,lightcurve,EA
4317997705259871872,J193806.45+141600.8,EA,294.52688298423624,14.266891738910438,50.94858575525034,-3.558020530382477,1.0997286,14.67507,0.7034697757664672,0.2767196216141354,0.022977844,12.042888863469322,1.0441185,0.06195280504609237,True,periodic,2.2158,,catalog_only,,False,2.2158,1.0,0.25,0.25,14.47,,,,,,0,True,catalog,EA
424219971444208128,J005556.01+570917.5,EB,13.983363237701615,57.15487795929088,123.5444941689338,-5.711524930713091,1.2381582,13.403728,5.288311198899344,3.196072628422603,0.013380086,238.867868892816,0.9999303,0.06496177604309779,True,periodic,0.41122,1.0001652507589431,catalog_replaced_daily_alias,0.5238947789313174,True,0.41122,2.4321901920114373,0.6261081551268983,0.9081487844029166,14.118510807796758,0.2048908882647666,0.23965662833415635,-0.537300410765755,0.4950826818046119,21.61102995566303,768,True,lightcurve,OTHER
423840365055686400,J005140.31+563033.3,EA,12.91792083309236,56.50926528874997,122.96436762634224,-6.362469983686102,0.37787628,13.244046,-0.10802198342574054,0.3566205810809621,0.01302188,27.386259209957558,0.93005586,0.06692562652783413,True,periodic,1.5519173774299835,1.5519173774299835,lomb_scargle,0.12205257844381971,False,3.1038,0.5000055987595797,0.08409484724222693,0.2120952810213641,13.329906391013594,0.0270659287811507,0.028148335751193798,0.5662541858393869,1.8825514651792863,0.3006755828285195,679,True,lightcurve,EA
5081885779430924928,J034441.87-260938.7,EW,56.17446733066833,-26.160751693725853,221.66672988289812,-51.4674175426462,1.0622101,13.499126,5.483305907805332,2.620571307005305,0.013727523,190.89906511213314,1.0453289,0.07005782997623662,True,periodic,0.37686,1.0001871178682207,catalog_replaced_daily_alias,0.1418919371357673,True,0.37686,2.6540017987269033,0.43098938296848566,0.7303515457428595,14.005928306688162,0.1313580754602686,0.14327137411062196,-0.8656447759791153,0.7235579079174487,7.722678617224209,2596,True,lightcurve,EW
5083946363004134144,J034950.80-235550.0,RRAB,57.46167951706597,-23.93054026446269,218.64881795286897,-49.8322488970572,0.6344366,12.15166,0.8708697737239183,0.5946781130908292,0.017433707,34.110824111637825,1.2285337,0.07106570374329348,True,periodic,0.4974983283180906,0.4974983283180906,lomb_scargle,0.6776436039528475,True,0.4975,0.999996639835358,0.8644345849184489,1.0735842192188478,12.301879921472247,0.2683019399219151,0.4340141618838409,-0.36098226466042016,1.1932204815576697,24.7564324828858,3438,True,lightcurve,OTHER
5089711381642991488,J041228.92-224344.0,EB,63.120501043255466,-22.72888247955505,218.96799227625544,-44.50381862562304,0.60630894,11.8775625,2.584038986729456,1.399958937070373,0.017524777,79.88455071755682,1.35289,0.07295788256482337,True,periodic,0.2549748673165335,0.2549748673165335,lomb_scargle,0.25519009327808584,False,0.50994,0.500009544880836,0.24357938799241552,0.38560839937306923,12.07399468623689,0.06862434350111439,0.0832419699855631,-0.2554027653701174,1.131433690158266,12.517405633823934,1810,True,lightcurve,OTHER
2053575394967947776,J192852.62+405336.0,EA,292.2192718866946,40.89331170613254,73.50565326388067,10.900043412488673,0.28809452,13.536862,1.4065341241164417,0.4530377845405417,0.010783946,42.01039068078992,0.96899873,0.07337334457735463,True,periodic,0.93889,,catalog_only,,False,0.93889,1.0,0.43,0.43,13.52,,,,,,0,True,catalog,EA
5092099314740528640,J042508.84-193703.2,EW,66.28683847119113,-19.617571694208102,216.17627406355209,-40.738143808129664,0.7306957,12.910004,3.6818341432873116,1.4277298142056696,0.012684084,112.56073471333599,0.88670486,0.07546964456031877,True,periodic,0.18222316517965914,0.18222316517965914,lomb_scargle,0.5127858152546693,False,0.36445,0.49999496550873684,0.5545654051709814,0.9279588637665253,13.185133111462097,0.15992547592967238,0.201256153160017,0.12032730865432766,1.6114281151277678,2.6096985183699717,2123,True,lightcurve,EW
5542200720459491712,J082513.94-361722.0,EA,126.308070779285,-36.28942569278066,255.23774611882675,0.8925426197065619,0.9423075,15.610211,2.1100354665831027,0.3315621089112126,0.027477399,12.066721049951367,1.0102632,0.07591798967489202,True,periodic,1.133,1.0001407654340557,catalog_replaced_daily_alias,0.21551189044553382,True,1.133,0.8827367744342945,0.6943900093843425,1.2850310069958901,15.222885263892724,0.2239789829979656,0.3656110727947972,-0.15812094509770117,1.0943193118911536,3.168442379767703,1447,True,lightcurve,EA
5542466733552981376,J083344.25-354432.4,EA,128.4343355300452,-35.74232928682365,255.8029963819826,2.6065424126295085,0.8136263,14.349862,2.9930407538900177,0.535347465309928,0.018621398,28.749048020450882,1.0898798,0.08123845617358137,True,periodic,1.6795,1.0001584736596278,catalog_replaced_daily_alias,0.13984397488417227,True,1.6795,0.5955096598151997,0.29858438030514733,0.43491054997263845,14.631051870378172,0.08210531512884715,0.055186497494075226,-0.7278687981347981,0.7533619872729976,2.092888679597849,1394,True,lightcurve,EA
424262783679426048,J005243.21+571710.6,SR,13.179991163864974,57.28626110278635,123.10596330138102,-5.585055653106096,2.713829,11.510673,-2.872592506367023,0.2033981032738288,0.024896735,8.169669768900572,1.1538287,0.08206776820997719,True,irregular,310.59,0.9974564002749627,catalog_replaced_daily_alias,0.5827494159873677,True,310.59,0.0032114891022729736,1.016854174980386,1.2435775416414607,13.620699392446499,0.37653304682066935,0.7656523528166215,-0.9055144366093192,0.18286923704236838,78.79801101166427,755,False,lightcurve,SR
5093067262929708032,J041907.96-184736.2,EA,64.78315770256233,-18.79340886160984,214.50749557340012,-41.79760897604306,0.11990833,11.995723,1.0693445454432997,0.6905009955766962,0.02370722,29.126190062634766,1.3589392,0.08241598312136456,True,periodic,1.504,0.4979552481380218,catalog_replaced_daily_alias,0.08471737063195321,True,1.504,0.3310872660492166,0.2695997714739473,0.48099489790110006,11.96091281880587,0.08234807103673818,0.09484309808460445,1.3230079299687199,1.8037782637557735,12.680889356358538,1683,True,lightcurve,EA
4071793858972651648,J184612.39-273545.4,RRAB,281.55162774504987,-27.59592700010376,7.490298615345763,-11.141009373959626,0.82982254,14.032408,0.7197896048894763,0.2695108917173459,0.020460425,13.172301734560541,1.0123885,0.08311158890260019,True,periodic,0.5877830523505138,0.5877830523505138,lomb_scargle,0.3371002425419612,False,0.58775,1.0000562353900702,1.2438101023570152,1.9600688761574485,14.353222650720877,0.340491526898526,0.41413959259097766,0.6739358017332663,1.5349128820718012,3.636591556427441,1188,True,lightcurve,OTHER
5098310730802968960,J032321.99-231436.1,EW,50.84163032046328,-23.243345860922062,215.05728222705207,-55.53822849000707,0.8165207,14.006671,4.123393972223676,1.0566340323411023,0.018424366,57.34981775444008,1.0146148,0.08431435116894502,True,periodic,0.339,,catalog_only,,False,0.339,1.0,0.28,0.28,14.1,,,,,,0,True,catalog,EW
5817606564790199936,J165231.65-641414.0,ROT,253.1319430585645,-64.23721499006268,325.6886997262785,-12.640900427943375,1.4472857,11.797705,1.1896633852454386,0.7557735296689688,0.01778381,42.49784099520681,1.3717328,0.08494345193206324,True,periodic,87.28091072782745,87.28091072782745,lomb_scargle,0.16610534023573678,False,86.501,1.0090162047586437,0.2725959011536929,0.7698141664234157,12.787515443604294,0.10143643086506733,0.10854507881197506,-1.662112317907668,0.3407152575926473,15.100917626712723,1475,True,lightcurve,ROT
424243576584247552,J005330.54+572945.8,L,13.377259138296733,57.49607989767703,123.21137831131308,-5.374546287441276,2.674183,11.422065,-1.579089838330118,0.2510550908435775,0.023784539,10.555390240844169,1.1320502,0.08670611029836978,True,irregular,0.9969998127469847,0.9969998127469847,lomb_scargle_no_catalog,0.5856843805271604,True,,,1.1319062676251388,1.4354444056372966,13.409309937119783,0.388324109772338,0.650994031471031,-0.8730140730728196,0.1594555710608013,79.26012808628022,774,False,lightcurve,L
5542470203886224896,J083346.08-353544.7,EA,128.44200836193966,-35.5957273479265,255.68877080411104,2.6987999385360006,1.2973814,16.152992,5.688277561941895,0.8073411935873933,0.0363675,22.19952412421512,1.1096241,0.08837781826231104,True,periodic,0.18094778407887224,0.18094778407887224,lomb_scargle,0.1545513156268259,False,0.72377,0.25000730077078664,0.7540147266358446,1.5901294453228498,16.190170827906048,0.21981425168084165,0.2511208180264859,0.037335089421714186,1.3718624514129774,0.7336202332688792,1425,True,lightcurve,EA
4471567044029021824,J181231.61+052109.6,EW,273.1316855361512,5.352673363861433,33.30050107852771,11.084717229811751,0.968029,15.415034,3.6548262297059826,0.5111854053286453,0.036634117,13.953807193678104,0.96567595,0.08851808755067055,True,periodic,0.36041,0.997442322833163,catalog_replaced_daily_alias,0.2328507917267157,True,0.36041,2.767521219813998,0.5599328319310874,1.0887702111062882,15.615511610316396,0.16820360810788376,0.2114689298904331,-0.18526868854137307,1.2048671174774832,1.8711806088087504,1155,True,lightcurve,EW
5080599316467005312,J034610.81-274000.1,ROT,56.54506598184432,-27.6667202166642,224.13926728001863,-51.41899204465829,1.0297928,12.888589,2.9501143791542805,1.0287386953003164,0.0148005625,69.50672957871137,0.97876143,0.08884523081474839,True,periodic,25.142,1.0001812559642076,catalog_replaced_daily_alias,0.26936271896963826,True,25.142,0.0397812924971843,0.39454469632432243,0.5125174128949794,13.443255332453223,0.13583093535279794,0.09843065695382691,-1.109839601613213,0.3542133436959796,17.650154344181907,1640,True,lightcurve,ROT
423415472528690432,J005609.34+545739.2,SR,14.03893692256502,54.96091281081399,123.61555142690712,-7.904574743145917,2.481554,11.74153,-1.3498309864833278,0.240839547577166,0.023104368,10.42398336008005,1.1840883,0.08916781161997257,True,irregular,343.01,1.0001449792025099,catalog_replaced_daily_alias,0.4468717549714178,True,343.01,0.0029157895664922596,0.8990603254396596,1.1782976856451253,13.691194652205084,0.24285650357109953,0.1674331372586959,-1.491988931417965,0.24880312821076034,23.75683352018584,742,False,lightcurve,SR
5077770307407999488,J024649.46-223034.9,EW,41.70610907078534,-22.50967257831367,209.30503193998652,-63.4739666806435,1.0263481,13.628705,4.858992955262612,1.9254737003164597,0.015384011,125.1607074589624,0.99449,0.08919755880946063,True,periodic,0.14913648070101326,0.14913648070101326,lomb_scargle,0.32029854270025887,False,0.29827,0.5000049642974931,0.7242233123642876,0.9468630191395668,14.04195173731592,0.2056553471467215,0.2341792686586377,0.03077499384413857,1.4596891913093724,4.953750374034303,1548,True,lightcurve,EW
5542531845255596160,J082849.26-360806.4,EA,127.20521883185364,-36.135091432752205,255.5327862728596,1.5713394603426598,1.2237349,14.461136,2.85495045927885,0.4772686321306092,0.016587479,28.772825100825102,0.9668271,0.09086103671553392,True,periodic,7.1061,0.9997312699042471,catalog_replaced_daily_alias,0.3262457156492608,True,7.1061,0.14068634974236882,0.571237203919134,0.90526664897987,15.029014901146951,0.1723659195181942,0.12372975237563644,-0.7323288777511751,0.5158813425318146,3.6718807233414497,3178,True,lightcurve,EA
5543004910135700992,J082347.14-353928.7,EA,125.9463982544319,-35.65794407661273,254.5527971621227,1.016693588113143,0.6344423,14.091499,0.4983727459692284,0.3346530204969785,0.0152288005,21.975008504246837,1.0326054,0.09346376307340958,True,periodic,3.0146,0.9997343378696633,catalog_replaced_daily_alias,0.0899910162466228,True,3.0146,0.3316308425229427,0.19651479515026615,0.4219047429390752,14.221863586592054,0.060583765731127164,0.056548274890580785,-0.25349875306261216,1.0568084656331385,1.9261248849752943,1373,True,lightcurve,EA
5542604790981610624,J082826.55-354354.0,VAR,127.11061593102164,-35.73165424235274,255.16048323345055,1.744935738721993,1.0670366,16.15563,3.37936034364031,0.3706005578660505,0.03365922,11.010372725988615,1.0073744,0.09348683961607572,True,irregular,0.1920395613624599,0.1920395613624599,lomb_scargle_no_catalog,0.18221025898338003,False,,,0.8471352802299883,1.9959531671653394,16.40270931370702,0.2568184230594673,0.3208233455326628,-0.19631574086073858,1.3043807195828765,0.7385150686841926,1861,False,lightcurve,OTHER
5542941894376938368,J082014.36-355507.4,ROT:,125.05979709772494,-35.918708963510795,254.3568293304841,0.2772092370012446,1.3009214,14.036862,5.820664515505065,3.046916152361643,0.013610534,223.86455611232026,0.9909731,0.09599782628652576,True,periodic,0.9997320799714363,0.9997320799714363,lomb_scargle_no_catalog,0.1833126983541294,True,,,0.4195127544780419,0.826565775838116,14.613527736225532,0.12384882046636235,0.12715735283000384,-0.7809004597609693,0.4986104809908849,4.422205730427566,2367,True,lightcurve,OTHER
4470187019496695936,J180757.64+033605.8,SR,271.9901363181753,3.6016232743290915,31.184157698034888,11.311207458223596,3.1200008,10.609622,-2.817805589351085,0.3697213091199324,0.030317482,12.194987338326197,1.1005245,0.09714318531007879,True,irregular,30.081,0.9974358886627026,catalog_replaced_daily_alias,0.570552351654045,True,30.081,0.033158335449709204,0.795883957465298,1.002752343461733,12.831063062450077,0.2710038352789315,0.19856927758830167,-1.1194609787346994,0.24716785240527492,61.45599882585322,1115,False,lightcurve,SR
